itemId,sellerId,buyerId,itemTitle,reviewType,rating,reviewContent,isAnonymous,boughtDate,reviewTime
959594683,1000382057,1.00071E+11,GESHINI ใหม่ทอดอากาศครัวเรือนอย่างเต็มที่อัตโนมัติพลังงานสูงปราศจากน้ำมันหม้อทอดไฟฟ้ามัลติฟังก์ชั่มันฝรั่งชิปเครื่อง 4.5L,PRODUCT_REVIEW,5,ได้รับสินค้าเร็วมากๆ ขนส่งก็บริการดีมากๆเลย สินค้าโอเคมากเลยค่ะ ดูดีทันสมัย ได้ลองใช้แล้ว ทำอาหารอร่อยมาก เหมือนไปกินร้านอาหารข้างนอกเลย รู้สึกดีมากๆ ทำความสะอาดง่ายมาก ไม่ต้องกังวลเรื่องทำความสะอาดเลยค่ะ โดยรวมแล้วพอใจมากค่ะ,FALSE,30 เม.ย. 2020,12 พ.ค. 2020
959594683,1000382057,1.00007E+11,GESHINI ใหม่ทอดอากาศครัวเรือนอย่างเต็มที่อัตโนมัติพลังงานสูงปราศจากน้ำมันหม้อทอดไฟฟ้ามัลติฟังก์ชั่มันฝรั่งชิปเครื่อง 4.5L,PRODUCT_REVIEW,2,ได้รับเครื่องวันแรก เปิดใช้งานเสียงดังมากๆ ,FALSE,18 พ.ค. 2020,23 พ.ค. 2020
959594683,1000382057,1.00037E+11,GESHINI ใหม่ทอดอากาศครัวเรือนอย่างเต็มที่อัตโนมัติพลังงานสูงปราศจากน้ำมันหม้อทอดไฟฟ้ามัลติฟังก์ชั่มันฝรั่งชิปเครื่อง 4.5L,PRODUCT_REVIEW,4,,FALSE,11 มิ.ย. 2020,19 มิ.ย. 2020
914500623,1000537349,4406997,หม้อทอดไร้มัน หม้อทอดไร้น้ำมัน เครื่องทอดไร้น้ำมัน หม้อทอดไฟฟ้า หม้ออบลมร้อน หม้อทอดไร้น้ำมัน หมเอทอดไร้น้ำมัน 5.5L 1500W หมอทอดไรน้ำมัน เครื่องทอดอัจฉริยะ air fryer smart home,PRODUCT_REVIEW,5,,FALSE,22 พ.ค. 2020,12 มิ.ย. 2020
914500623,1000537349,1.00086E+11,หม้อทอดไร้มัน หม้อทอดไร้น้ำมัน เครื่องทอดไร้น้ำมัน หม้อทอดไฟฟ้า หม้ออบลมร้อน หม้อทอดไร้น้ำมัน หมเอทอดไร้น้ำมัน 5.5L 1500W หมอทอดไรน้ำมัน เครื่องทอดอัจฉริยะ air fryer smart home,PRODUCT_REVIEW,5,,FALSE,04 พ.ค. 2020,25 พ.ค. 2020
1128232528,1.00183E+11,13381792,หม้อกระทะ ทำอาหารที่บ้าน ใช้ง่าย แบบไม่ติดกระทะ ใช้สะดวกสะบาย ที่จับยาว ใช้ผัดขั่ว แกงได้สบายเลย,PRODUCT_REVIEW,5,,FALSE,23 ก.ค. 2020,7 วันก่อน
1128232528,1.00183E+11,1.00005E+11,หม้อกระทะ ทำอาหารที่บ้าน ใช้ง่าย แบบไม่ติดกระทะ ใช้สะดวกสะบาย ที่จับยาว ใช้ผัดขั่ว แกงได้สบายเลย,PRODUCT_REVIEW,5,,FALSE,28 มิ.ย. 2020,02 ก.ค. 2020
1049532149,1000005587,1.00086E+11,air fryer รุ่นใหม่! หม้อทอดไร้น้ำมันความจุมาก เครื่องทอดไร้มัน เครื่องทอดอัจฉริยะ ไม่ต้องใช้น้ำมัน ไม่เกิดควัน ทอดเฟรนช์ฟราย หม้อทอดไฟฟ้า หม้อทอดไรน้ำมัน,PRODUCT_REVIEW,5,"แพ็คมาดีมาก/พนักงานดีเริ่ดสุภาพมากไปค่ะ/สิ้นค้าร้านนี้ขอบอกเลยดีมากไม่เคยผิดหวังเลยสั่งมา6ชุดแล้วค่ะ
",FALSE,22 พ.ค. 2020,17 มิ.ย. 2020
1049532149,1000005587,1.00054E+11,air fryer รุ่นใหม่! หม้อทอดไร้น้ำมันความจุมาก เครื่องทอดไร้มัน เครื่องทอดอัจฉริยะ ไม่ต้องใช้น้ำมัน ไม่เกิดควัน ทอดเฟรนช์ฟราย หม้อทอดไฟฟ้า หม้อทอดไรน้ำมัน,PRODUCT_REVIEW,5,คุณภาพสินค้าดีกว่าที่คิด ใช้มาได้เกือบเดือนนึง ยังเหมือนใหม่อยู่เลยค่ะ,FALSE,26 พ.ค. 2020,17 มิ.ย. 2020
1049532149,1000005587,1.00086E+11,air fryer รุ่นใหม่! หม้อทอดไร้น้ำมันความจุมาก เครื่องทอดไร้มัน เครื่องทอดอัจฉริยะ ไม่ต้องใช้น้ำมัน ไม่เกิดควัน ทอดเฟรนช์ฟราย หม้อทอดไฟฟ้า หม้อทอดไรน้ำมัน,PRODUCT_REVIEW,5, สินค้างานละเอียดมาก สวบงาม บริการก็ดีมาก เอาไปเลย1 ไลท์,FALSE,24 พ.ค. 2020,17 มิ.ย. 2020
1049532149,1000005587,1.00086E+11,air fryer รุ่นใหม่! หม้อทอดไร้น้ำมันความจุมาก เครื่องทอดไร้มัน เครื่องทอดอัจฉริยะ ไม่ต้องใช้น้ำมัน ไม่เกิดควัน ทอดเฟรนช์ฟราย หม้อทอดไฟฟ้า หม้อทอดไรน้ำมัน,PRODUCT_REVIEW,5,"ได้รับสินค้าแล้วนะครับ สินค้าตรงกับโฆษณาครับไม่ผิดหวังครับ คุ้มจริงๆครับให้ 5 ดาวครับ ขอบคุณสำหรับส่วนลด 150 นะครับ ไว้โอกาสหน้าผมจะมาสั่งใหม่นะครับ
",FALSE,25 พ.ค. 2020,17 มิ.ย. 2020
1049532149,1000005587,1.00086E+11,air fryer รุ่นใหม่! หม้อทอดไร้น้ำมันความจุมาก เครื่องทอดไร้มัน เครื่องทอดอัจฉริยะ ไม่ต้องใช้น้ำมัน ไม่เกิดควัน ทอดเฟรนช์ฟราย หม้อทอดไฟฟ้า หม้อทอดไรน้ำมัน,PRODUCT_REVIEW,5,"ได้รับสินค้าตามที่ต้องการ แพ็ตสินค้ามาดีสินค้าไม่มีตำหนิ พนักงานจัดส่งของไวมาก บริการดีเป็นกันเอง สีสวยน่ารักมาก เหมาะสมกับราคา
",FALSE,25 พ.ค. 2020,02 มิ.ย. 2020
1017602781,1000358890,471696,OTTO หม้อทอดไร้น้ำมัน เตาทอดไร้น้ำมัน หม้อทอดไร้มัน รุ่น CO-725 เทปล่อน สีดำ ความจุ 2.8 ลิตร,PRODUCT_REVIEW,5,,FALSE,19 พ.ค. 2020,11 มิ.ย. 2020
1017602781,1000358890,1.00011E+11,OTTO หม้อทอดไร้น้ำมัน เตาทอดไร้น้ำมัน หม้อทอดไร้มัน รุ่น CO-725 เทปล่อน สีดำ ความจุ 2.8 ลิตร,PRODUCT_REVIEW,5,,FALSE,20 พ.ค. 2020,24 พ.ค. 2020
1094196834,1.00181E+11,1.00071E+11,Smart Home Air Fryer รุ่น MV004 ความจุ 2ลิตร หม้อทอดไร้น้ำมัน รับประกัน 3 ปี,PRODUCT_REVIEW,4,สินค้า​แพ็ค​มาดีค้ะ​สภาพเรียบร้อย​ แต่ช้าไปนิด​ ทดลอง​ทำเมนู​โอเคค4,FALSE,16 มิ.ย. 2020,20 มิ.ย. 2020
913980121,1.00181E+11,1.00035E+11,Smarthome หม้อทอดไร้น้ำมันดิจิตอล ขนาด 3.5ลิตร MV-021 หม้ออบลมร้อน หม้อทอดไร้น้ำมัน ทอดไร้น้ำมัน หม้อทอดไซส์ใหญ่ หม้อรีดน้ำมัน หม้ออบลมร้อนขนาดใหญ่ หม้ออบลมร้อนไซส์ใหญ่,PRODUCT_REVIEW,5,ได้รับสินค้าแล้วนะคะ ส่งเร็วทันใจ สินค้าไม่มีตำหนิ พอใจมากค่ะ👍,FALSE,14 พ.ค. 2020,16 พ.ค. 2020
913980121,1.00181E+11,7900522,Smarthome หม้อทอดไร้น้ำมันดิจิตอล ขนาด 3.5ลิตร MV-021 หม้ออบลมร้อน หม้อทอดไร้น้ำมัน ทอดไร้น้ำมัน หม้อทอดไซส์ใหญ่ หม้อรีดน้ำมัน หม้ออบลมร้อนขนาดใหญ่ หม้ออบลมร้อนไซส์ใหญ่,PRODUCT_REVIEW,4,ยังไม่ได้ลองแต่คิดว่าดีนะเห็นคนรีวิวเยอะ แม่ค้าร้านนี้ใจดีมาก มีราคาโปรถูกกว่าที่สั่งซื้อก้อยอมให้ยกเลิกแล้วสั่งราคาใหม่ที่ลดราคามา แฟน?กับลูกค้ามากค้าสา😚😚😚😚😚,TRUE,06 มิ.ย. 2020,09 มิ.ย. 2020
913980121,1.00181E+11,1.00088E+11,Smarthome หม้อทอดไร้น้ำมันดิจิตอล ขนาด 3.5ลิตร MV-021 หม้ออบลมร้อน หม้อทอดไร้น้ำมัน ทอดไร้น้ำมัน หม้อทอดไซส์ใหญ่ หม้อรีดน้ำมัน หม้ออบลมร้อนขนาดใหญ่ หม้ออบลมร้อนไซส์ใหญ่,PRODUCT_REVIEW,5,ของมาส่งไว สภาพดี ทดลองทำเมนู ไก่คั่วพริกเกลือ เลย,FALSE,06 มิ.ย. 2020,09 มิ.ย. 2020
913980121,1.00181E+11,2497926,*พร้อมส่ง*Smarthome หม้อทอดไร้น้ำมันดิจิตอล ขนาด 3.5ลิตร MV-021 หม้ออบลมร้อน หม้อทอดไร้น้ำมัน ทอดไร้น้ำมัน หม้อทอดไซส์ใหญ่ หม้อรีดน้ำมัน หม้ออบลมร้อนขนาดใหญ่ หม้ออบลมร้อนไซส์ใหญ่,PRODUCT_REVIEW,4,การจัดส่งรวดเร็ว. แพ็คมาอย่างดี,FALSE,17 มิ.ย. 2020,20 มิ.ย. 2020
1124002962,1.00183E+11,437273,OZOOPU Air Fryer LED TOUCH หม้อทอดไฟฟ้าไร้น้ำมัน หม้อทอดเพื่อสุขภาพ หน้าจอ LED Air Fryer 4.5L,PRODUCT_REVIEW,5,,TRUE,10 มิ.ย. 2020,15 มิ.ย. 2020
567014106,1000009218,69787,หม้อทอดไร้นํ้ามันเพื่อสุขภาพ smart home AirFryer รุ่น MV-014 ขนาด 2 ลิตร พร้อมส่งมีเก็บเงินปลายทาง รับประกัน3ปี (สินค้าเกรดA),PRODUCT_REVIEW,5,ส่งไวถูกต้องราคาประหยัด,FALSE,01 ม.ค. 2020,06 ม.ค. 2020
1349318773,1.00182E+11,1.00095E+11,หม้อทอดไฟฟ้าไร้น้ำมัน สามารถทอดได้โดยไร้น้ำมัน หม้อทอดไฟฟ้า หม้อทอดสำหรับภายในบ้าน หม้อทอดไฟฟ้าขนาดใหญ่ ระบบอัตโนมัติอัจฉริยะ มัลติฟังก์ชั่น Air Flyers,PRODUCT_REVIEW,5,หม้อทอดใช้ดีมาก ทางร้านแพ็กของมาดีไม่มีตำหนิหรือรอยเลย ,FALSE,30 ก.ค. 2020,1 สัปดาห์ก่อน
1316332956,1.00184E+11,1.0004E+11,หม้อทอดไร้น้ำมัน สินค้าคุณภาพส่งตรงจากโรงงาน หม้อทอดไฟฟ้าอัจฉริยะอเนกประสงค์ การหมุนเวียนอากาศร้อนความเร็วสูงแบบ 360 องศา,PRODUCT_REVIEW,5,ปรุงง่าย แนะนำให้ซื้อ,TRUE,13 ก.ค. 2020,2 สัปดาห์ก่อน
975860061,1.00182E+11,1.0009E+11,หม้อทอดไร้น้ำมัน หม้อทอดไฟฟ้า เครื่องทอดไร้น้ำมัน ทอดอากาศ มัลติฟังก์ชั่น ไร้น้ำมันเพื่อสุขภาพ ขนาดความจุ8ลิตร Air Fryier,PRODUCT_REVIEW,5,"สินค้าแพ็คส่งมาอย่างดี ไม่มีเสียหายค่ะ รูปร่างหน้าตาตรงปก ขนาดใหญ่เลยทีเดียว ลองใช้แล้วก็ปลื้มมากๆค่ะ คือดีค่ะ ประทับใจมากๆ
",FALSE,01 มิ.ย. 2020,09 มิ.ย. 2020
975860061,1.00182E+11,1.00058E+11,หม้อทอดไร้น้ำมัน หม้อทอดไฟฟ้า เครื่องทอดไร้น้ำมัน ทอดอากาศ มัลติฟังก์ชั่น ไร้น้ำมันเพื่อสุขภาพ ขนาดความจุ8ลิตร Air Fryier,PRODUCT_REVIEW,5,ทำหมูแดงเนื้อฉ่ำนุ่มอร่อย,FALSE,12 มิ.ย. 2020,20 มิ.ย. 2020
958850712,1.0018E+11,10259091,⚡พร้อมส่งด่วนที่สุด⚡จำนวนจำกัด ไม่ต้องพรี Xiaomi Daewoo Multifunctional Air Fryer K3 หม้อทอดไร้น้ำมัน รุ่นใหม่ Gen 3 ทอด ปิ้ง และ ย่าง หม้อทอดไฟฟ้า,PRODUCT_REVIEW,5,,FALSE,09 มิ.ย. 2020,20 มิ.ย. 2020
666620326,1000005325,11185799,หม้อทอดไร้น้ำมัน Air Fryer รุ่น MV-004 ขนาด 2 ลิตร SMARTHOMEสีดำ,PRODUCT_REVIEW,4,ใช้งานได้ดี  แต่มีกลิ่นไหม้ออกมาเล็กน้อยขณะทำงาน,FALSE,30 มี.ค. 2020,03 เม.ย. 2020
951744728,1000373999,170291,Xiaomi Air fryer Digital LCD 3.5L 1400 Watts หม้อทอดไร้น้ำมัน ขนาด 3.5 ลิตร 1400 วัตต์ หม้ออบลมร้อน หม้อทอดไร้มัน xiami (เตรียมจัดส่ง 5-7 วัน),PRODUCT_REVIEW,5,"เมนูภาษาจีน   แต่มีปลั๊กแถมมาในกล่อง

ดูดีทีเดียวครับ",FALSE,08 พ.ค. 2020,23 พ.ค. 2020
951744728,1000373999,1.00052E+11,Xiaomi Air fryer Digital LCD 3.5L 1400 Watts หม้อทอดไร้น้ำมัน ขนาด 3.5 ลิตร 1400 วัตต์ หม้ออบลมร้อน (เริ่มส่งสินค้าได้ วันที่ 15 พ.ค. 63),PRODUCT_REVIEW,5,พ่อค้าคอยอัพเดตสถานะสินค้า/ตอบกลับข้อความเร็วตลอดค่ะ ตัวหม้อเริ่ดค่ะ สุดปัง,TRUE,04 พ.ค. 2020,14 พ.ค. 2020
951744728,1000373999,1778310,Xiaomi Air fryer Digital LCD 3.5L 1400 Watts หม้อทอดไร้น้ำมัน ขนาด 3.5 ลิตร 1400 วัตต์ หม้ออบลมร้อน,PRODUCT_REVIEW,2,,TRUE,01 พ.ค. 2020,10 พ.ค. 2020
960868342,1000005587,1.00047E+11,หม้อทอดอากาศสำหรับใช้ในบ้านความจุขนาดใหญ่ 4.5Lหม้อทอดไร้น้ำมันไร้ควันหม้อทอดไฟฟ้าอัตโนมัติหม้อทำไก่ทอดมันฝรั่งทอดอัติโนมัติ,PRODUCT_REVIEW,5,"ใช้ดีค่ะ ชอบๆ จริงๆอยากบอกว่าชอบมากกก
",FALSE,04 พ.ค. 2020,08 มิ.ย. 2020
960868342,1000005587,1.00051E+11,หม้อทอดอากาศสำหรับใช้ในบ้านความจุขนาดใหญ่ 4.5Lหม้อทอดไร้น้ำมันไร้ควันหม้อทอดไฟฟ้าอัตโนมัติหม้อทำไก่ทอดมันฝรั่งทอดอัติโนมัติ,PRODUCT_REVIEW,5,"สินค้าส่งไว แพ็คของดีมาก พนักงานส่งของบริการดี สินค้าอุปกรณ์ครบ สวยสมราคา โดยรวมแล้วดีมากค่ะ
",FALSE,05 พ.ค. 2020,28 พ.ค. 2020
960868342,1000005587,1.00052E+11,หม้อทอดอากาศสำหรับใช้ในบ้านความจุขนาดใหญ่ 4.5Lหม้อทอดไร้น้ำมันไร้ควันหม้อทอดไฟฟ้าอัตโนมัติหม้อทำไก่ทอดมันฝรั่งทอดอัติโนมัติ,PRODUCT_REVIEW,5,"ทางร้านแพ็คสินค้าแน่นหนาดีมาก ส่งของไวมาก โดยรวมคือใช้งานดี ราคานี้คุ้มค่ามาก
",FALSE,30 เม.ย. 2020,13 พ.ค. 2020
806148047,1000283800,1.00087E+11,"MIUI air fryer, Professional design, pragmatism, Turbostar patent, Cold rolled metal disposable molding, Rock solid (1220W / 3L Pro Model / Retro style /KNIGHT-Classical series)",PRODUCT_REVIEW,5,"Convenient and easy to use, I often make egg tarts, grilled chicken legs, and convenient burgers after I buy it
",FALSE,02 มิ.ย. 2020,01 ก.ค. 2020
806148047,1000283800,1.00087E+11,"MIUI air fryer, Professional design, pragmatism, Turbostar patent, Cold rolled metal disposable molding, Rock solid (1220W / 3L Pro Model / Retro style /KNIGHT-Classical series)",PRODUCT_REVIEW,5,"Help my neighbors and sisters buy it, I like it very much, I praise my good eyesight, I will choose a big brand and trust it to buy it with confidence
",FALSE,02 มิ.ย. 2020,01 ก.ค. 2020
806148047,1000283800,1.00086E+11,"MIUI air fryer, Professional design, pragmatism, Turbostar patent, Cold rolled metal disposable molding, Rock solid (1220W / 3L Pro Model / Retro style /KNIGHT-Classical series)",PRODUCT_REVIEW,5,"Haha, the perfect fryer! Look at my food, is it very tempting! My sister and I plan to use it to make all kinds of food, look forward to it!
",FALSE,29 พ.ค. 2020,23 มิ.ย. 2020
806148047,1000283800,1.00091E+11,"MIUI air fryer, Professional design, pragmatism, Turbostar patent, Cold rolled metal disposable molding, Rock solid (1220W / 3L Pro Model / Retro style /KNIGHT-Classical series)",PRODUCT_REVIEW,5,"Look at me fried, golden color, follow the instructions above data operation, very simple, better than I thought! Now I experience that MIUI's service and product quality are excellent!
",FALSE,04 มิ.ย. 2020,06 ก.ค. 2020
806148047,1000283800,1.00091E+11,"MIUI air fryer, Professional design, pragmatism, Turbostar patent, Cold rolled metal disposable molding, Rock solid (1220W / 3L Pro Model / Retro style /KNIGHT-Classical series)",PRODUCT_REVIEW,5,"I love desserts and grilled wings, but many are not healthy enough. With the air fryer, I can enjoy healthy food! recommend!
",FALSE,04 มิ.ย. 2020,06 ก.ค. 2020
806148047,1000283800,1.00087E+11,"MIUI air fryer, Professional design, pragmatism, Turbostar patent, Cold rolled metal disposable molding, Rock solid (1220W / 3L Pro Model / Retro style /KNIGHT-Classical series)",PRODUCT_REVIEW,5,"I like this cylindrical air fryer! See my baking dinner! do you like it!
",FALSE,01 มิ.ย. 2020,29 มิ.ย. 2020
806148047,1000283800,1.00087E+11,"MIUI air fryer, Professional design, pragmatism, Turbostar patent, Cold rolled metal disposable molding, Rock solid (1220W / 3L Pro Model / Retro style /KNIGHT-Classical series)",PRODUCT_REVIEW,5,,FALSE,01 มิ.ย. 2020,29 มิ.ย. 2020
806148047,1000283800,0,"MIUI air fryer, Professional design, pragmatism, Turbostar patent, Cold rolled metal disposable molding, Rock solid (1220W / 3L Pro Model / Retro style /KNIGHT-Classical series)",PRODUCT_REVIEW,,แม้ว่าหม้อทอดอากาศทำงานได้ดีแต่ก็มีรอยแตกที่ด้านข้างมันถูกบรรจุไม่ดีโฟมเป็นเพียงที่ด้านบนและด้านล่างเท่านั้นไม่มีข้างครับฉันถามว่าผู้ขายสามารถให้ฉันส่วนลดเล็กน้อยเขาปฏิเสธผู้ขายตำหนิlazadaสำหรับการจัดการแพคเกจที่ไม่ดีและกล่าวว่าพวกเขาพบสถานการณ์เดียวกันในอดีตว่ารายการของพวกเขาผิดพลาดดังนั้นผมชี้ออกว่าพวกเขาควรบรรจุมันได้ดี,FALSE,16 ก.ค. 2020,4 สัปดาห์ก่อน
806148047,1000283800,0,"MIUI air fryer, Professional design, pragmatism, Turbostar patent, Cold rolled metal disposable molding, Rock solid (1220W / 3L Pro Model / Retro style /KNIGHT-Classical series)",PRODUCT_REVIEW,,หม้อทอดอากาศน่ากลัวใช้งานง่ายและสะอาด,FALSE,23 มิ.ย. 2020,23 มิ.ย. 2020
806148047,1000283800,0,"MIUI air fryer, Professional design, pragmatism, Turbostar patent, Cold rolled metal disposable molding, Rock solid (1220W / 3L Pro Model / Retro style /KNIGHT-Classical series)",PRODUCT_REVIEW,,ทำงานได้ดี,FALSE,11 ก.ค. 2020,11 ก.ค. 2020
377846981,1000231668,1.00035E+11,เครื่องฟอกอากาศ Air Purifier เครื่องฟอกอากาศสีขาว กรองได้ประสิทธิภาพมากที่สุด กรองฝุ่น ควัน และสารก่อภูมิแพ้ ไรฝุ่น ตั้งเวลาเปิด/ปิดได้ กำลังไฟฟ้า 35 วัตต์ ความสูง 50 cm,PRODUCT_REVIEW,5,ใช้งานดีค่ะได้ของไวด้วย,FALSE,05 ส.ค. 2019,06 ก.ย. 2019
377846981,1000231668,1.00031E+11,เครื่องฟอกอากาศ Air Purifier เครื่องฟอกอากาศสีขาว กรองได้ประสิทธิภาพมากที่สุด กรองฝุ่น ควัน และสารก่อภูมิแพ้ ไรฝุ่น ตั้งเวลาเปิด/ปิดได้ กำลังไฟฟ้า 35 วัตต์ ความสูง 50 cm,PRODUCT_REVIEW,5,สภาพสินค้าดีมาก​ คุ้มค่าคุ้ม​ราคา​ รอสินค้าไม่นานเลยจ้า ชอบมาก ,FALSE,06 ส.ค. 2019,13 ส.ค. 2019
377846981,1000231668,1.00036E+11,เครื่องฟอกอากาศ Air Purifier เครื่องฟอกอากาศสีขาว กรองได้ประสิทธิภาพมากที่สุด กรองฝุ่น ควัน และสารก่อภูมิแพ้ ไรฝุ่น ตั้งเวลาเปิด/ปิดได้ กำลังไฟฟ้า 35 วัตต์ ความสูง 50 cm,PRODUCT_REVIEW,5, เปิดไปประมาณชั่วโมงจะได้กลิ่นสะอาดๆ หอมอ่อนๆ น่าจะมาจากฟิลเตอร์ การดูดอากาศเข้าไปทำได้ดีมาก,FALSE,03 ส.ค. 2019,13 ส.ค. 2019
993286903,1.0018E+11,1.0004E+11,Xiaomi Youban Oirless Air Fryer 3.5L หม้อทอดอัจฉริยะ,PRODUCT_REVIEW,5,,FALSE,21 พ.ค. 2020,24 พ.ค. 2020
919360799,100195162,1.00061E+11,XPX เครื่องทอดไฟฟ้า หม้อทอดไร้น้ำมันอเนกประสงค์ หม้อทอดไฟฟ้าไร้น้ำมันเพื่อสุขภาพ Air Flyers,PRODUCT_REVIEW,5,สั่ง xpx ได้ยี่ห้อนี้มาค่ะ,TRUE,16 มิ.ย. 2020,17 มิ.ย. 2020
919360799,100195162,1.00059E+11,XPX เครื่องทอดไฟฟ้า หม้อทอดไร้น้ำมันอเนกประสงค์ หม้อทอดไฟฟ้าไร้น้ำมันเพื่อสุขภาพ JD45,PRODUCT_REVIEW,5,หม้อทอดราคาไม่แพงแถมคุ้มค่ามาก ใช้งานง่ายมาก,FALSE,29 พ.ค. 2020,04 มิ.ย. 2020
919360799,100195162,1.00055E+11,XPX เครื่องทอดไฟฟ้า หม้อทอดไร้น้ำมันอเนกประสงค์ หม้อทอดไฟฟ้าไร้น้ำมันเพื่อสุขภาพ JD45,PRODUCT_REVIEW,5,,FALSE,28 เม.ย. 2020,30 พ.ค. 2020
919360799,100195162,1.0006E+11,XPX เครื่องทอดไฟฟ้า หม้อทอดไร้น้ำมันอเนกประสงค์ หม้อทอดไฟฟ้าไร้น้ำมันเพื่อสุขภาพ JD45,PRODUCT_REVIEW,5,,FALSE,23 เม.ย. 2020,28 พ.ค. 2020
508630040,1000318394,1.00048E+11,หม้อทอดไร้น้ำมัน Air Fryer หม้อทอดไร้น้ำมันอเนกประสงค์ หม้อทอดลมร้อน เพื่อสุขภาพ 1350 W รุ่น SH-AF8,PRODUCT_REVIEW,5,ส่งของไวดี,TRUE,07 พ.ย. 2019,09 พ.ย. 2019
508630040,1000318394,1.00038E+11,หม้อทอดไร้น้ำมัน Air Fryer หม้อทอดไร้น้ำมันอเนกประสงค์ หม้อทอดลมร้อน เพื่อสุขภาพ 1350 W รุ่น SH-AF8,PRODUCT_REVIEW,4,,FALSE,03 ม.ค. 2020,03 ก.พ. 2020
1190116240,1.00184E+11,1.00088E+11,air fryersรุ่นใหม่! หม้อทอดไร้น้ำมันความจุมาก เครื่องทอดไร้มัน เครื่องทอดอัจฉริยะ ไม่ต้องใช้น้ำมัน ไม่เกิดควัน ทอดเฟรนช์ฟราย หม้อทอดไฟฟ้า หม้อทอดไรน้ำมัน,PRODUCT_REVIEW,5,ได้รับสินค้าแล้วครับ..การจัดส่งเร็วมาก,FALSE,22 มิ.ย. 2020,26 มิ.ย. 2020
1190116240,1.00184E+11,1.00078E+11,air fryersรุ่นใหม่! หม้อทอดไร้น้ำมันความจุมาก เครื่องทอดไร้มัน เครื่องทอดอัจฉริยะ ไม่ต้องใช้น้ำมัน ไม่เกิดควัน ทอดเฟรนช์ฟราย หม้อทอดไฟฟ้า หม้อทอดไรน้ำมัน,PRODUCT_REVIEW,5,ใช้วานได้ดีคับ ให้5 ดาวเลยคับ,FALSE,22 มิ.ย. 2020,24 มิ.ย. 2020
1190116240,1.00184E+11,1.00088E+11,air fryersรุ่นใหม่! หม้อทอดไร้น้ำมันความจุมาก เครื่องทอดไร้มัน เครื่องทอดอัจฉริยะ ไม่ต้องใช้น้ำมัน ไม่เกิดควัน ทอดเฟรนช์ฟราย หม้อทอดไฟฟ้า หม้อทอดไรน้ำมัน,PRODUCT_REVIEW,5,,FALSE,02 ก.ค. 2020,06 ก.ค. 2020
1190116240,1.00184E+11,1.00091E+11,air fryersรุ่นใหม่! หม้อทอดไร้น้ำมันความจุมาก เครื่องทอดไร้มัน เครื่องทอดอัจฉริยะ ไม่ต้องใช้น้ำมัน ไม่เกิดควัน ทอดเฟรนช์ฟราย หม้อทอดไฟฟ้า หม้อทอดไรน้ำมัน,PRODUCT_REVIEW,5,,FALSE,24 มิ.ย. 2020,28 มิ.ย. 2020
351032410,100023604,1.00009E+11,Xiaomi Air Fryer หม้อทอดไร้น้ำมัน,PRODUCT_REVIEW,5,ขนาดเล็กกะทัดรัดเหมาะกับคอนโดมาก ไม่ต้องห่วงเรื่องน้ำมันกระเด็นอีกต่อไป ไก่กรอบมาก ,FALSE,07 เม.ย. 2020,13 เม.ย. 2020
351032410,100023604,1.0008E+11,Xiaomi Air Fryer หม้อทอดไร้น้ำมัน,PRODUCT_REVIEW,5,จัดส่งตามเวลา สินค้าแพคมาแน่นหนาดีค่ะ,FALSE,17 เม.ย. 2020,27 เม.ย. 2020
351032410,100023604,1402273,Xiaomi Air Fryer หม้อทอดไร้น้ำมัน รุ่น OA1 สีขาว / รุ่น OA2 สีดำ,PRODUCT_REVIEW,4,,FALSE,27 เม.ย. 2020,29 เม.ย. 2020
351032410,100023604,8792402,Xiaomi Air Fryer หม้อทอดไร้น้ำมัน,PRODUCT_REVIEW,5,,FALSE,13 เม.ย. 2020,05 พ.ค. 2020
351032410,100023604,1.00018E+11,Xiaomi Air Fryer หม้อทอดไร้น้ำมัน,PRODUCT_REVIEW,5,,FALSE,20 เม.ย. 2020,24 เม.ย. 2020
1046128568,1000537402,14552269,หม้อทอดไร้มัน 2L หม้อทอดไร้น้ำมัน 1000W หม้อทอด air fryer เครื่องทอดไร้น้ำมัน หม้อทอดไรน้ำมัน,PRODUCT_REVIEW,5,สะอาดผลลัพธ์ที่ดีเค้กมันฝรั่งอบมันฝรั่งหวานอบ ปีกไก่ย่างมีความสะดวกมากโปรดเริ่มอย่างรวดเร็ว,FALSE,20 พ.ค. 2020,28 พ.ค. 2020
1046128568,1000537402,5370243,หม้อทอดไร้มัน 2L หม้อทอดไร้น้ำมัน 1000W หม้อทอด air fryer เครื่องทอดไร้น้ำมัน หม้อทอดไรน้ำมัน,PRODUCT_REVIEW,5,เด็กดีมากอาหารทอดอร่อยและดีต่อสุขภาพเหมาะสำหรับครอบครัวที่มีเด็ก ๆ ที่บ้านเด็ก ๆ ชอบกิน,FALSE,20 พ.ค. 2020,27 พ.ค. 2020
1046128568,1000537402,1.00086E+11,หม้อทอดไร้มัน 2L หม้อทอดไร้น้ำมัน 1000W หม้อทอด air fryer เครื่องทอดไร้น้ำมัน หม้อทอดไรน้ำมัน,PRODUCT_REVIEW,5,คุณภาพของหม้อดีมากสะดวกในการใช้และมีสุขภาพดีในการปรุงอาหาร,FALSE,20 พ.ค. 2020,27 พ.ค. 2020
1046128568,1000537402,1.00036E+11,หม้อทอดไร้มัน หม้อทอดไร้น้ำมัน 1000W หม้อทอด air fryer เครื่องทอดไร้น้ำมัน หม้อทอดไรน้ำมัน,PRODUCT_REVIEW,5,ของได้ช้ามาก,TRUE,06 มิ.ย. 2020,20 มิ.ย. 2020
1046128568,1000537402,1.00069E+11,หม้อทอดไร้มัน 2L หม้อทอดไร้น้ำมัน 1000W หม้อทอด air fryer เครื่องทอดไร้น้ำมัน หม้อทอดไรน้ำมัน,PRODUCT_REVIEW,5,สะดวกง่าย ค่อการใช้งาน ของแม่บ้านแบบเราๆ 😊,FALSE,21 พ.ค. 2020,14 มิ.ย. 2020
1046128568,1000537402,1.00083E+11,หม้อทอดไร้มัน 2L หม้อทอดไร้น้ำมัน 1000W หม้อทอด air fryer เครื่องทอดไร้น้ำมัน หม้อทอดไรน้ำมัน,PRODUCT_REVIEW,5,ส่งเร็วส่งไว เชื่อถือได้ครับ เยี่ยม ,FALSE,24 พ.ค. 2020,02 มิ.ย. 2020
1046128568,1000537402,10405110,หม้อทอดไร้มัน 2L หม้อทอดไร้น้ำมัน 1000W หม้อทอด air fryer เครื่องทอดไร้น้ำมัน หม้อทอดไรน้ำมัน,PRODUCT_REVIEW,5,สินค้ามาดีมากครับ ชอบเลยปลั๊กก็เป็นแบบหัวเสียบของบ้านเราแล้วไม่ต้องใช้หัวต่อเพิ่มแล้ว คือดี แน่นหนา ใช้ได้เลยทีเดียว มีเมนูภาษาไทย มาให้ด้วย พร้อมรับประกันให้ 3 เดือน ด้วย ส่วนตัวผมคือชอบครับ จริงๆ,FALSE,30 พ.ค. 2020,13 มิ.ย. 2020
1046128568,1000537402,1.00011E+11,หม้อทอดไร้มัน 2L หม้อทอดไร้น้ำมัน 1000W หม้อทอด air fryer เครื่องทอดไร้น้ำมัน หม้อทอดไรน้ำมัน,PRODUCT_REVIEW,5,,FALSE,25 พ.ค. 2020,14 มิ.ย. 2020
1046128568,1000537402,1736879,หม้อทอดไร้มัน 2L หม้อทอดไร้น้ำมัน 1000W หม้อทอด air fryer เครื่องทอดไร้น้ำมัน หม้อทอดไรน้ำมัน,PRODUCT_REVIEW,5,จัดส่งเร็วมาก สินค้าใช้ดีมาก ประทับใจมากครับ,FALSE,22 พ.ค. 2020,13 มิ.ย. 2020
1046128568,1000537402,5988262,หม้อทอดไร้มัน 2L หม้อทอดไร้น้ำมัน 1000W หม้อทอด air fryer เครื่องทอดไร้น้ำมัน หม้อทอดไรน้ำมัน,PRODUCT_REVIEW,5,ใช้โดยไม่ใส่น้ำมัน​ดีจริงๆค่ะ,FALSE,27 พ.ค. 2020,13 มิ.ย. 2020
1046128568,1000537402,1.00083E+11,หม้อทอดไร้มัน 2L หม้อทอดไร้น้ำมัน 1000W หม้อทอด air fryer เครื่องทอดไร้น้ำมัน หม้อทอดไรน้ำมัน,PRODUCT_REVIEW,5,สินค้าคุณภาพดีค่ะ,FALSE,01 มิ.ย. 2020,13 มิ.ย. 2020
1046128568,1000537402,4378669,หม้อทอดไร้มัน 2L หม้อทอดไร้น้ำมัน 1000W หม้อทอด air fryer เครื่องทอดไร้น้ำมัน หม้อทอดไรน้ำมัน,PRODUCT_REVIEW,5,คุณภาพดีมากครับ,FALSE,24 พ.ค. 2020,13 มิ.ย. 2020
1046128568,1000537402,1.00083E+11,หม้อทอดไร้มัน 2L หม้อทอดไร้น้ำมัน 1000W หม้อทอด air fryer เครื่องทอดไร้น้ำมัน หม้อทอดไรน้ำมัน,PRODUCT_REVIEW,5,ใช้แล้วชอบมากค่ะ,FALSE,30 พ.ค. 2020,13 มิ.ย. 2020
1046128568,1000537402,1.00019E+11,หม้อทอดไร้มัน 2L หม้อทอดไร้น้ำมัน 1000W หม้อทอด air fryer เครื่องทอดไร้น้ำมัน หม้อทอดไรน้ำมัน,PRODUCT_REVIEW,5,ใช้งานได้ดีมากค่ะ,FALSE,22 พ.ค. 2020,12 มิ.ย. 2020
1046128568,1000537402,1.0001E+11,หม้อทอดไร้มัน 2L หม้อทอดไร้น้ำมัน 1000W หม้อทอด air fryer เครื่องทอดไร้น้ำมัน หม้อทอดไรน้ำมัน,PRODUCT_REVIEW,5,ดีมากเลยค้าา จัดส่งไว ใช้งานง่าย ไม่ยุ่งยาก อาหารที่ได้อร่อยมาก กรอบบ,FALSE,24 พ.ค. 2020,12 มิ.ย. 2020
1046128568,1000537402,1.00069E+11,หม้อทอดไร้มัน 2L หม้อทอดไร้น้ำมัน 1000W หม้อทอด air fryer เครื่องทอดไร้น้ำมัน หม้อทอดไรน้ำมัน,PRODUCT_REVIEW,5,ใช้งานได้ง่ายดี,FALSE,23 พ.ค. 2020,12 มิ.ย. 2020
1046128568,1000537402,1.00025E+11,หม้อทอดไร้มัน 2L หม้อทอดไร้น้ำมัน 1000W หม้อทอด air fryer เครื่องทอดไร้น้ำมัน หม้อทอดไรน้ำมัน,PRODUCT_REVIEW,5,สินค้าดีราคาน่ารัก ส่งของรวดเร็วมาก,TRUE,21 พ.ค. 2020,12 มิ.ย. 2020
1046128568,1000537402,1.00001E+11,หม้อทอดไร้มัน 2L หม้อทอดไร้น้ำมัน 1000W หม้อทอด air fryer เครื่องทอดไร้น้ำมัน หม้อทอดไรน้ำมัน,PRODUCT_REVIEW,5,ทอดออกมาสีสวยน่ากินมากคะ​ สุกพอดีคะ,FALSE,01 มิ.ย. 2020,12 มิ.ย. 2020
1046128568,1000537402,1.00064E+11,หม้อทอดไร้มัน 2L หม้อทอดไร้น้ำมัน 1000W หม้อทอด air fryer เครื่องทอดไร้น้ำมัน หม้อทอดไรน้ำมัน,PRODUCT_REVIEW,5,สินค้าคุณภาพดี,FALSE,23 พ.ค. 2020,12 มิ.ย. 2020
1046128568,1000537402,1.00005E+11,หม้อทอดไร้มัน 2L หม้อทอดไร้น้ำมัน 1000W หม้อทอด air fryer เครื่องทอดไร้น้ำมัน หม้อทอดไรน้ำมัน,PRODUCT_REVIEW,5,ใช้งานง่ายค่ั,FALSE,26 พ.ค. 2020,14 มิ.ย. 2020
1046128568,1000537402,1.00024E+11,หม้อทอดไร้มัน 2L หม้อทอดไร้น้ำมัน 1000W หม้อทอด air fryer เครื่องทอดไร้น้ำมัน หม้อทอดไรน้ำมัน,PRODUCT_REVIEW,5,ส่งของรวดเร็วทันใจมากค่ะ ราคาถูกมาก แต่คุณภาพเกินราคา 😍,FALSE,02 มิ.ย. 2020,13 มิ.ย. 2020
1046128568,1000537402,1.00024E+11,หม้อทอดไร้มัน 2L หม้อทอดไร้น้ำมัน 1000W หม้อทอด air fryer เครื่องทอดไร้น้ำมัน หม้อทอดไรน้ำมัน,PRODUCT_REVIEW,5,ลองใช้แล้วประทับใจมากค่ะ ,FALSE,28 พ.ค. 2020,13 มิ.ย. 2020
1046128568,1000537402,14552269,หม้อทอดไร้มัน 2L หม้อทอดไร้น้ำมัน 1000W หม้อทอด air fryer เครื่องทอดไร้น้ำมัน หม้อทอดไรน้ำมัน,PRODUCT_REVIEW,5,,FALSE,26 พ.ค. 2020,14 มิ.ย. 2020
1046128568,1000537402,1.00005E+11,หม้อทอดไร้มัน 2L หม้อทอดไร้น้ำมัน 1000W หม้อทอด air fryer เครื่องทอดไร้น้ำมัน หม้อทอดไรน้ำมัน,PRODUCT_REVIEW,5,,FALSE,29 พ.ค. 2020,14 มิ.ย. 2020
1046128568,1000537402,1.00029E+11,หม้อทอดไร้มัน 2L หม้อทอดไร้น้ำมัน 1000W หม้อทอด air fryer เครื่องทอดไร้น้ำมัน หม้อทอดไรน้ำมัน,PRODUCT_REVIEW,5,,FALSE,24 พ.ค. 2020,13 มิ.ย. 2020
1046128568,1000537402,2739109,หม้อทอดไร้มัน 2L หม้อทอดไร้น้ำมัน 1000W หม้อทอด air fryer เครื่องทอดไร้น้ำมัน หม้อทอดไรน้ำมัน,PRODUCT_REVIEW,5,,FALSE,24 พ.ค. 2020,13 มิ.ย. 2020
1046128568,1000537402,1.00018E+11,หม้อทอดไร้มัน 2L หม้อทอดไร้น้ำมัน 1000W หม้อทอด air fryer เครื่องทอดไร้น้ำมัน หม้อทอดไรน้ำมัน,PRODUCT_REVIEW,5,,FALSE,27 พ.ค. 2020,13 มิ.ย. 2020
1046128568,1000537402,1.00018E+11,หม้อทอดไร้มัน 2L หม้อทอดไร้น้ำมัน 1000W หม้อทอด air fryer เครื่องทอดไร้น้ำมัน หม้อทอดไรน้ำมัน,PRODUCT_REVIEW,5,,FALSE,23 พ.ค. 2020,13 มิ.ย. 2020
1046128568,1000537402,1.00089E+11,หม้อทอดไร้มัน 2L หม้อทอดไร้น้ำมัน 1000W หม้อทอด air fryer เครื่องทอดไร้น้ำมัน หม้อทอดไรน้ำมัน,PRODUCT_REVIEW,5,,FALSE,24 พ.ค. 2020,13 มิ.ย. 2020
1046128568,1000537402,1.00007E+11,หม้อทอดไร้มัน 2L หม้อทอดไร้น้ำมัน 1000W หม้อทอด air fryer เครื่องทอดไร้น้ำมัน หม้อทอดไรน้ำมัน,PRODUCT_REVIEW,5,,TRUE,23 พ.ค. 2020,12 มิ.ย. 2020
1046128568,1000537402,1.00064E+11,หม้อทอดไร้มัน 2L หม้อทอดไร้น้ำมัน 1000W หม้อทอด air fryer เครื่องทอดไร้น้ำมัน หม้อทอดไรน้ำมัน,PRODUCT_REVIEW,5,,FALSE,26 พ.ค. 2020,12 มิ.ย. 2020
1046128568,1000537402,1.0002E+11,หม้อทอดไร้มัน หม้อทอดไร้น้ำมัน 1000W หม้อทอด air fryer เครื่องทอดไร้น้ำมัน หม้อทอดไรน้ำมัน,PRODUCT_REVIEW,5,,FALSE,08 มิ.ย. 2020,12 มิ.ย. 2020
1046128568,1000537402,1.00089E+11,หม้อทอดไร้มัน 2L หม้อทอดไร้น้ำมัน 1000W หม้อทอด air fryer เครื่องทอดไร้น้ำมัน หม้อทอดไรน้ำมัน,PRODUCT_REVIEW,5,คือดีๆๆๆ,FALSE,29 พ.ค. 2020,12 มิ.ย. 2020
1046128568,1000537402,1.00069E+11,หม้อทอดไร้มัน 2L หม้อทอดไร้น้ำมัน 1000W หม้อทอด air fryer เครื่องทอดไร้น้ำมัน หม้อทอดไรน้ำมัน,PRODUCT_REVIEW,5,Good,FALSE,31 พ.ค. 2020,12 มิ.ย. 2020
1046128568,1000537402,1.00069E+11,หม้อทอดไร้มัน 2L หม้อทอดไร้น้ำมัน 1000W หม้อทอด air fryer เครื่องทอดไร้น้ำมัน หม้อทอดไรน้ำมัน,PRODUCT_REVIEW,5,Good,FALSE,25 พ.ค. 2020,12 มิ.ย. 2020
1046128568,1000537402,1.00009E+11,หม้อทอดไร้มัน หม้อทอดไร้น้ำมัน 1000W หม้อทอด air fryer เครื่องทอดไร้น้ำมัน หม้อทอดไรน้ำมัน,PRODUCT_REVIEW,5,,FALSE,03 มิ.ย. 2020,12 มิ.ย. 2020
1046128568,1000537402,1.00049E+11,หม้อทอดไร้มัน 2L หม้อทอดไร้น้ำมัน 1000W หม้อทอด air fryer เครื่องทอดไร้น้ำมัน หม้อทอดไรน้ำมัน,PRODUCT_REVIEW,5,,FALSE,24 พ.ค. 2020,12 มิ.ย. 2020
1046128568,1000537402,998501,หม้อทอดไร้มัน 2L หม้อทอดไร้น้ำมัน 1000W หม้อทอด air fryer เครื่องทอดไร้น้ำมัน หม้อทอดไรน้ำมัน,PRODUCT_REVIEW,5,,FALSE,22 พ.ค. 2020,12 มิ.ย. 2020
1046128568,1000537402,411598,หม้อทอดไร้มัน 2L หม้อทอดไร้น้ำมัน 1000W หม้อทอด air fryer เครื่องทอดไร้น้ำมัน หม้อทอดไรน้ำมัน,PRODUCT_REVIEW,5,,FALSE,29 พ.ค. 2020,06 มิ.ย. 2020
1046128568,1000537402,1.00039E+11,หม้อทอดไร้มัน 2L หม้อทอดไร้น้ำมัน 1000W หม้อทอด air fryer เครื่องทอดไร้น้ำมัน หม้อทอดไรน้ำมัน,PRODUCT_REVIEW,5,,FALSE,25 พ.ค. 2020,28 พ.ค. 2020
993422966,1.00182E+11,1.00014E+11,หม้อทอดไร้น้ำมัน ความจุ 3.5 ลิตร รุ่น HAF-KZ-J3400 Haier cooperative factory,PRODUCT_REVIEW,5,"สั่ง haier ได้ของจีน
เสียความรู้สึกครับ",TRUE,23 พ.ค. 2020,01 มิ.ย. 2020
993422966,1.00182E+11,801912,หม้อทอดไร้น้ำมัน ความจุ 3.5 ลิตร รุ่น HAF-KZ-J3400 Haier cooperative factory,PRODUCT_REVIEW,5,สินค้าที่สั่งซื้อ กับที่ส่งไม่ตรงกัน ไม่ได้รับการแจ้งจากร้าน,FALSE,17 พ.ค. 2020,27 พ.ค. 2020
993422966,1.00182E+11,2647539,หม้อทอดไร้น้ำมัน ความจุ 3.5 ลิตร รุ่น HAF-KZ-J3400 Haier cooperative factory,PRODUCT_REVIEW,5,ไม่ใช่​ Haier แต่เป็นยี่ห้อ​ Liven จะรีวิวยังไงดีครับ,FALSE,30 พ.ค. 2020,29 มิ.ย. 2020
993422966,1.00182E+11,539379,หม้อทอดไร้น้ำมัน ความจุ 3.5 ลิตร รุ่น HAF-KZ-J3400 Haier cooperative factory,PRODUCT_REVIEW,5,,FALSE,21 พ.ค. 2020,07 มิ.ย. 2020
1348936028,1000393059,1.00096E+11,หม้อทอดไฟฟ้าไร้น้ำมัน หม้อทอดไฟฟ้า ระบบอัตโนมัติอัจฉริยะ มัลติฟังก์ชั่น สามารถทอดได้โดยไร้น้ำมัน หม้อทอดสำหรับภายในบ้าน หม้อทอดไฟฟ้าขนาดใหญ่ Air Flyers,PRODUCT_REVIEW,5,ไม่มีควันอาหารเต็มห้องดีสุดๆขนาดกว้างทำอาหารได้เยอะมากๆคุ้มราคามากๆกรอบอร่อยเหมือนทอดในน้ำมันสะดวกตั้งเวลาไม่ต้องมานั่งเฝ้าทอดถูกใจมากๆน่าตาน่าทานสุดๆ,FALSE,23 ก.ค. 2020,2 สัปดาห์ก่อน
592044098,1000414702,12722411,หม้อทอดไร้น้ำมันรุ่น KDF516,PRODUCT_REVIEW,5,"I baked pork.
It was soft and charred and delicious.
I was surprised to see the enormous amount of oil stored in the lower saucer.
I'm terrified when I think I've been eating this together.",FALSE,11 ก.พ. 2020,17 ก.พ. 2020
592044098,1000414702,5173134,หม้อทอดไร้น้ำมันรุ่น KDF516,PRODUCT_REVIEW,3,ปล๊กจีน​ ต้องหาซื้อปลั๊กเพิ่มอีก,FALSE,19 เม.ย. 2020,03 พ.ค. 2020
592044098,1000414702,1.00062E+11,หม้อทอดไร้น้ำมันรุ่น KDF516,PRODUCT_REVIEW,1,,TRUE,18 เม.ย. 2020,20 เม.ย. 2020
592044098,1000414702,1864974,หม้อทอดไร้น้ำมันรุ่น KDF516,PRODUCT_REVIEW,5,,FALSE,20 เม.ย. 2020,28 เม.ย. 2020
592044098,1000414702,7856130,หม้อทอดไร้น้ำมันรุ่น KDF516,PRODUCT_REVIEW,5,,FALSE,15 ม.ค. 2020,20 ม.ค. 2020
1147994072,1000353838,1.0007E+11,【suoluohomestyle】 Air fryer with Hot Air Circulation Tech รุ่นใหม่! หม้อทอดไร้น้ำมันความจุมาก เครื่องทอดไร้มัน เครื่องทอดอัจฉริยะ ไม่ต้องใช้น้ำมัน ไม่เกิดควัน ทอดเฟรนช์ฟรายราคาถูก,PRODUCT_REVIEW,5,ดีชอบค่ะ,FALSE,05 ก.ค. 2020,3 สัปดาห์ก่อน
713166982,1000362201,1.00023E+11,หม้อทอดไร้น้ำมัน รับประกัน 3 ปี อุปกรณ์ ของ ใช้ เพื่อ สุขภาพ ทำ อาหาร เพื่อ สุขภาพ กระทะ หม้อ ซื้อ หม้อทอด ไร้ น้ำ มัน ทอด การทอด ไร้น้ำมันSmart home Air Fryer รุ่น MV-014 healthy eating ขาย หม้อทอดไฟฟ้า เครื่องใช้ไฟฟ้า กระทะ ไฟฟ้า กะทะ ไฟฟ้า กระทะไฟฟ้า,PRODUCT_REVIEW,5,ใช้ดีคะ,TRUE,10 เม.ย. 2020,30 เม.ย. 2020
713166982,1000362201,1.00079E+11,หม้อทอดไร้น้ำมัน รับประกัน 3 ปี อุปกรณ์ ของ ใช้ เพื่อ สุขภาพ ทำ อาหาร เพื่อ สุขภาพ กระทะ หม้อ ซื้อ หม้อทอด ไร้ น้ำ มัน ทอด การทอด ไร้น้ำมันSmart home Air Fryer รุ่น MV-014 healthy eating ขาย หม้อทอดไฟฟ้า เครื่องใช้ไฟฟ้า กระทะ ไฟฟ้า กะทะ ไฟฟ้า กระทะไฟฟ้า,PRODUCT_REVIEW,5,,FALSE,08 เม.ย. 2020,30 เม.ย. 2020
713166982,1000362201,1.00017E+11,หม้อทอดไร้น้ำมัน รับประกัน 3 ปี อุปกรณ์ ของ ใช้ เพื่อ สุขภาพ ทำ อาหาร เพื่อ สุขภาพ กระทะ หม้อ ซื้อ หม้อทอด ไร้ น้ำ มัน ทอด การทอด ไร้น้ำมันSmart home Air Fryer รุ่น MV-014 healthy eating ขาย หม้อทอดไฟฟ้า เครื่องใช้ไฟฟ้า กระทะ ไฟฟ้า กะทะ ไฟฟ้า กระทะไฟฟ้า,PRODUCT_REVIEW,5,,FALSE,11 เม.ย. 2020,19 เม.ย. 2020
699948336,1000136639,15092943,เครื่องทอดไฟฟ้า หม้อทอดไฟฟ้าไร้น้ำมัน หม้อทอดไร้น้ำมันอเนกประสงค์ หม้อทอดไฟฟ้าไร้น้ำมันเพื่อสุขภาพ หม้อทอดไก่ เตาทอดไฟฟ้า หม้อทอดลมร้อน Air Flyers ความจุขนาด 5 ลิตร กำลังไฟ 1500 w,PRODUCT_REVIEW,1,ไม่ตอบแชท  รอนานจนขอยกเลิกออเดอร์  ก็ยังส่งมา  ยัดเยียดขาย   ของที่ได้ ปิดไม่สนิท  แผงวงจรด้านบนหลุดออกมา,TRUE,30 เม.ย. 2020,11 พ.ค. 2020
699948336,1000136639,1463083,เครื่องทอดไฟฟ้า หม้อทอดไฟฟ้าไร้น้ำมัน หม้อทอดไร้น้ำมันอเนกประสงค์ หม้อทอดไฟฟ้าไร้น้ำมันเพื่อสุขภาพ หม้อทอดไก่ เตาทอดไฟฟ้า หม้อทอดลมร้อน Air Flyers ความจุขนาด 5 ลิตร กำลังไฟ 1500 w,PRODUCT_REVIEW,1,เครื่องไม่ร้อน​ ทำอะไรแทบไม่สุก​ อะไหร่มีการแตกหัก​ เครื่องดันเข้าปิดไม่สนิท​ ,FALSE,25 พ.ค. 2020,31 พ.ค. 2020
699948336,1000136639,1.00023E+11,เครื่องทอดไฟฟ้า หม้อทอดไฟฟ้าไร้น้ำมัน หม้อทอดไร้น้ำมันอเนกประสงค์ หม้อทอดไฟฟ้าไร้น้ำมันเพื่อสุขภาพ หม้อทอดไก่ เตาทอดไฟฟ้า หม้อทอดลมร้อน Air Flyers ความจุขนาด 5 ลิตร กำลังไฟ 1500 w,PRODUCT_REVIEW,2,ปิดไม่สนิท ดันเข้ายาก,FALSE,07 เม.ย. 2020,15 เม.ย. 2020
699948336,1000136639,1.00018E+11,เครื่องทอดไฟฟ้า หม้อทอดไฟฟ้าไร้น้ำมัน หม้อทอดไร้น้ำมันอเนกประสงค์ หม้อทอดไฟฟ้าไร้น้ำมันเพื่อสุขภาพ หม้อทอดไก่ เตาทอดไฟฟ้า หม้อทอดลมร้อน Air Flyers ความจุขนาด 5 ลิตร กำลังไฟ 1500 w,PRODUCT_REVIEW,5,ใช้ง่าย​ สะดวกดีครับ,FALSE,28 เม.ย. 2020,02 พ.ค. 2020
699948336,1000136639,1543964,เครื่องทอดไฟฟ้า หม้อทอดไฟฟ้าไร้น้ำมัน หม้อทอดไร้น้ำมันอเนกประสงค์ หม้อทอดไฟฟ้าไร้น้ำมันเพื่อสุขภาพ หม้อทอดไก่ เตาทอดไฟฟ้า หม้อทอดลมร้อน Air Flyers ความจุขนาด 5 ลิตร กำลังไฟ 1500 w,PRODUCT_REVIEW,5,ส่งสินค้ารวดเร็ว ลองแล้วสินค้าใช้ได้ดี  ขนาใหญ่  ทอดได้เยอะ,TRUE,09 เม.ย. 2020,11 เม.ย. 2020
699948336,1000136639,1.00012E+11,เครื่องทอดไฟฟ้า หม้อทอดไฟฟ้าไร้น้ำมัน หม้อทอดไร้น้ำมันอเนกประสงค์ หม้อทอดไฟฟ้าไร้น้ำมันเพื่อสุขภาพ หม้อทอดไก่ เตาทอดไฟฟ้า หม้อทอดลมร้อน Air Flyers ความจุขนาด 5 ลิตร กำลังไฟ 1500 w,PRODUCT_REVIEW,5,เพิ่งซื้อเครื่องมาค่ะ​ แต่เปิดไม่ติดค่ะ​ ,FALSE,02 เม.ย. 2020,11 เม.ย. 2020
699948336,1000136639,9780046,เครื่องทอดไฟฟ้า หม้อทอดไฟฟ้าไร้น้ำมัน หม้อทอดไร้น้ำมันอเนกประสงค์ หม้อทอดไฟฟ้าไร้น้ำมันเพื่อสุขภาพ หม้อทอดไก่ เตาทอดไฟฟ้า หม้อทอดลมร้อน Air Flyers ความจุขนาด 5 ลิตร กำลังไฟ 1500 w,PRODUCT_REVIEW,5,,FALSE,12 เม.ย. 2020,17 เม.ย. 2020
699948336,1000136639,1.00078E+11,เครื่องทอดไฟฟ้า หม้อทอดไฟฟ้าไร้น้ำมัน หม้อทอดไร้น้ำมันอเนกประสงค์ หม้อทอดไฟฟ้าไร้น้ำมันเพื่อสุขภาพ หม้อทอดไก่ เตาทอดไฟฟ้า หม้อทอดลมร้อน Air Flyers ความจุขนาด 5 ลิตร กำลังไฟ 1500 w,PRODUCT_REVIEW,5,,FALSE,13 เม.ย. 2020,16 เม.ย. 2020
699948336,1000136639,590092,เครื่องทอดไฟฟ้า หม้อทอดไฟฟ้าไร้น้ำมัน หม้อทอดไร้น้ำมันอเนกประสงค์ หม้อทอดไฟฟ้าไร้น้ำมันเพื่อสุขภาพ หม้อทอดไก่ เตาทอดไฟฟ้า หม้อทอดลมร้อน Air Flyers ความจุขนาด 5 ลิตร กำลังไฟ 1500 w,PRODUCT_REVIEW,5,,FALSE,05 เม.ย. 2020,14 เม.ย. 2020
699948336,1000136639,9714066,เครื่องทอดไฟฟ้า หม้อทอดไฟฟ้าไร้น้ำมัน หม้อทอดไร้น้ำมันอเนกประสงค์ หม้อทอดไฟฟ้าไร้น้ำมันเพื่อสุขภาพ หม้อทอดไก่ เตาทอดไฟฟ้า หม้อทอดลมร้อน Air Flyers ความจุขนาด 5 ลิตร กำลังไฟ 1500 w,PRODUCT_REVIEW,5,,FALSE,10 เม.ย. 2020,25 เม.ย. 2020
901146591,100084157,1.00082E+11,"TEFAL หม้อทอดไร้น้ำมัน รุ่น EY201866 จุได้สูงสุด 4.2 ลิตร มาพร้อมเทคโนโลยีฮอทแอร์ กระจายความร้อนได้รวดเร็วและทั่วถึง ทำเมนูทอด ปิ้ง ย่าง และอบ แบบไร้น้ำมัน ตะแกรงทอดเคลือบสารกันติด, ตะแกรงทอดสามารถถอดออกได้ / รับประกันศูนย์ 2 ปี",PRODUCT_REVIEW,5,มากล่องทะลุมาเลยค่ะ แต่ดีที่ตัวเครื่องไม่เป็นไร ใหญ่ดีค่ะ ใช้งานง่าย ล้างง่าย แต่น่าจะมีตะแกรงให้ และช่องระบายด้านข้างต่ำไป เวลาทอดแล้วน้ำมันจะตกลงด้านล่าง ต้องจับให้ดี ไม่งั้นน้ำมันหกง่ายมาก,TRUE,30 เม.ย. 2020,06 พ.ค. 2020
901146591,100084157,1230666,"TEFAL หม้อทอดไร้น้ำมัน รุ่น EY201866 จุได้สูงสุด 4.2 ลิตร มาพร้อมเทคโนโลยีฮอทแอร์ กระจายความร้อนได้รวดเร็วและทั่วถึง ทางเลือกเพื่อสุขภาพทั้งเมนูทอด ปิ้ง ย่าง และอบ แบบไร้น้ำมัน ตะแกรงทอดเคลือบสารกันติด, ตะแกรงทอดสามารถถอดออกได้ / มีใบรับประกัน",PRODUCT_REVIEW,5,,FALSE,12 เม.ย. 2020,17 เม.ย. 2020
874190364,100052861,1.00071E+11,เครื่องทอดไฟฟ้า ไร้น้ำมันอเนกประสงค์ หม้อทอดไฟฟ้าไร้น้ำมันเพื่อสุขภาพ ขนาด ใหญ่มาก/รุ่นใหม่! หม้อทอดไร้น้ำมันความจุมาก เครื่องทอดไร้มัน เครื่องทอดอัจฉริยะ ไม่ต้องใช้น้ำมัน ไม่เกิดควัน ทอดเฟรนช์ฟราย หม้อทอดไฟฟ้า หม้อทอดไรน้ำมัน beauti house,PRODUCT_REVIEW,5,สินค้าใช้แบบทดลองก่อนดีค่ะยังไม่มีปัญหาอะไร ต้องลองใช้ก่อนแล้วมาบอกอีกทีนะ จัดส่งให้รวดเร็วมาก ขอบคุณทุกฝ่ายค่ะ,FALSE,08 พ.ค. 2020,19 มิ.ย. 2020
874190364,100052861,1.00071E+11,เครื่องทอดไฟฟ้า ไร้น้ำมันอเนกประสงค์ หม้อทอดไฟฟ้าไร้น้ำมันเพื่อสุขภาพ ขนาด ใหญ่มาก/รุ่นใหม่! หม้อทอดไร้น้ำมันความจุมาก เครื่องทอดไร้มัน เครื่องทอดอัจฉริยะ ไม่ต้องใช้น้ำมัน ไม่เกิดควัน ทอดเฟรนช์ฟราย หม้อทอดไฟฟ้า หม้อทอดไรน้ำมัน beauti house,PRODUCT_REVIEW,5,สินค้าใช้แบบทดลองก่อนดีค่ะยังไม่มีปัญหาอะไร ต้องลองใช้ก่อนแล้วมาบอกอีกทีนะ จัดส่งให้รวดเร็วมาก ขอบคุณทุกฝ่ายค่ะ,FALSE,08 พ.ค. 2020,19 มิ.ย. 2020
874190364,100052861,1.00071E+11,เครื่องทอดไฟฟ้า ไร้น้ำมันอเนกประสงค์ หม้อทอดไฟฟ้าไร้น้ำมันเพื่อสุขภาพ ขนาด ใหญ่มาก/รุ่นใหม่! หม้อทอดไร้น้ำมันความจุมาก เครื่องทอดไร้มัน เครื่องทอดอัจฉริยะ ไม่ต้องใช้น้ำมัน ไม่เกิดควัน ทอดเฟรนช์ฟราย หม้อทอดไฟฟ้า หม้อทอดไรน้ำมัน beauti house,PRODUCT_REVIEW,5,สินค้ามีความรวดเร็วมากพวกเขาจะถูกตรวจสอบหลังการใช้งานผลิตภัณฑ์ที่ดีมาก,TRUE,08 พ.ค. 2020,30 พ.ค. 2020
874190364,100052861,1.00071E+11,เครื่องทอดไฟฟ้า ไร้น้ำมันอเนกประสงค์ หม้อทอดไฟฟ้าไร้น้ำมันเพื่อสุขภาพ ขนาด ใหญ่มาก/รุ่นใหม่! หม้อทอดไร้น้ำมันความจุมาก เครื่องทอดไร้มัน เครื่องทอดอัจฉริยะ ไม่ต้องใช้น้ำมัน ไม่เกิดควัน ทอดเฟรนช์ฟราย หม้อทอดไฟฟ้า หม้อทอดไรน้ำมัน beauti house,PRODUCT_REVIEW,5,สวย ใช้ดี ตามปรก แต่ส่งช้ามากๆ,FALSE,08 พ.ค. 2020,19 มิ.ย. 2020
874190364,100052861,1.00071E+11,เครื่องทอดไฟฟ้า ไร้น้ำมันอเนกประสงค์ หม้อทอดไฟฟ้าไร้น้ำมันเพื่อสุขภาพ ขนาด ใหญ่มาก/รุ่นใหม่! หม้อทอดไร้น้ำมันความจุมาก เครื่องทอดไร้มัน เครื่องทอดอัจฉริยะ ไม่ต้องใช้น้ำมัน ไม่เกิดควัน ทอดเฟรนช์ฟราย หม้อทอดไฟฟ้า หม้อทอดไรน้ำมัน beauti house,PRODUCT_REVIEW,5,สินค้าดีมากกกกคุ้มมากกกกกับการรอคอยค่ะ,FALSE,08 พ.ค. 2020,19 มิ.ย. 2020
874190364,100052861,1.00071E+11,เครื่องทอดไฟฟ้า ไร้น้ำมันอเนกประสงค์ หม้อทอดไฟฟ้าไร้น้ำมันเพื่อสุขภาพ ขนาด ใหญ่มาก/รุ่นใหม่! หม้อทอดไร้น้ำมันความจุมาก เครื่องทอดไร้มัน เครื่องทอดอัจฉริยะ ไม่ต้องใช้น้ำมัน ไม่เกิดควัน ทอดเฟรนช์ฟราย หม้อทอดไฟฟ้า หม้อทอดไรน้ำมัน beauti house,PRODUCT_REVIEW,5,ใชดีค่ะ สมราคา,FALSE,08 พ.ค. 2020,19 มิ.ย. 2020
874190364,100052861,1.00071E+11,เครื่องทอดไฟฟ้า ไร้น้ำมันอเนกประสงค์ หม้อทอดไฟฟ้าไร้น้ำมันเพื่อสุขภาพ ขนาด ใหญ่มาก/รุ่นใหม่! หม้อทอดไร้น้ำมันความจุมาก เครื่องทอดไร้มัน เครื่องทอดอัจฉริยะ ไม่ต้องใช้น้ำมัน ไม่เกิดควัน ทอดเฟรนช์ฟราย หม้อทอดไฟฟ้า หม้อทอดไรน้ำมัน beauti house,PRODUCT_REVIEW,5,ลูกค้ามากๆๆนะครับโดยรวมพอใจในคุณภาพสินค้านะครับส่วนตัว,FALSE,08 พ.ค. 2020,19 มิ.ย. 2020
874190364,100052861,1.00071E+11,เครื่องทอดไฟฟ้า ไร้น้ำมันอเนกประสงค์ หม้อทอดไฟฟ้าไร้น้ำมันเพื่อสุขภาพ ขนาด ใหญ่มาก/รุ่นใหม่! หม้อทอดไร้น้ำมันความจุมาก เครื่องทอดไร้มัน เครื่องทอดอัจฉริยะ ไม่ต้องใช้น้ำมัน ไม่เกิดควัน ทอดเฟรนช์ฟราย หม้อทอดไฟฟ้า หม้อทอดไรน้ำมัน beauti house,PRODUCT_REVIEW,5,ใชดีค่ะ สมราคา,FALSE,08 พ.ค. 2020,19 มิ.ย. 2020
874190364,100052861,1.00071E+11,เครื่องทอดไฟฟ้า ไร้น้ำมันอเนกประสงค์ หม้อทอดไฟฟ้าไร้น้ำมันเพื่อสุขภาพ ขนาด ใหญ่มาก/รุ่นใหม่! หม้อทอดไร้น้ำมันความจุมาก เครื่องทอดไร้มัน เครื่องทอดอัจฉริยะ ไม่ต้องใช้น้ำมัน ไม่เกิดควัน ทอดเฟรนช์ฟราย หม้อทอดไฟฟ้า หม้อทอดไรน้ำมัน beauti house,PRODUCT_REVIEW,5,ลูกค้ามากๆๆนะครับโดยรวมพอใจในคุณภาพสินค้านะครับส่วนตัว,FALSE,08 พ.ค. 2020,19 มิ.ย. 2020
874190364,100052861,1.00071E+11,เครื่องทอดไฟฟ้า ไร้น้ำมันอเนกประสงค์ หม้อทอดไฟฟ้าไร้น้ำมันเพื่อสุขภาพ ขนาด ใหญ่มาก/รุ่นใหม่! หม้อทอดไร้น้ำมันความจุมาก เครื่องทอดไร้มัน เครื่องทอดอัจฉริยะ ไม่ต้องใช้น้ำมัน ไม่เกิดควัน ทอดเฟรนช์ฟราย หม้อทอดไฟฟ้า หม้อทอดไรน้ำมัน beauti house,PRODUCT_REVIEW,5,,FALSE,08 พ.ค. 2020,30 พ.ค. 2020
874190364,100052861,1.00072E+11,Ka หม้อทอดอากาศ 3.5L หม้อทอดไฟฟ้าความจุขนาดใหญ่เครื่องทอดเฟรนช์ฟรายไม่มีควันทอดบ้าน,PRODUCT_REVIEW,5,,FALSE,12 เม.ย. 2020,11 พ.ค. 2020
874190364,100052861,1.00071E+11,เครื่องทอดไฟฟ้า ไร้น้ำมันอเนกประสงค์ หม้อทอดไฟฟ้าไร้น้ำมันเพื่อสุขภาพ ขนาด ใหญ่มาก/รุ่นใหม่! หม้อทอดไร้น้ำมันความจุมาก เครื่องทอดไร้มัน เครื่องทอดอัจฉริยะ ไม่ต้องใช้น้ำมัน ไม่เกิดควัน ทอดเฟรนช์ฟราย หม้อทอดไฟฟ้า หม้อทอดไรน้ำมัน beauti house,PRODUCT_REVIEW,5,,TRUE,08 พ.ค. 2020,05 มิ.ย. 2020
874190364,100052861,1.00071E+11,เครื่องทอดไฟฟ้า ไร้น้ำมันอเนกประสงค์ หม้อทอดไฟฟ้าไร้น้ำมันเพื่อสุขภาพ ขนาด ใหญ่มาก/รุ่นใหม่! หม้อทอดไร้น้ำมันความจุมาก เครื่องทอดไร้มัน เครื่องทอดอัจฉริยะ ไม่ต้องใช้น้ำมัน ไม่เกิดควัน ทอดเฟรนช์ฟราย หม้อทอดไฟฟ้า หม้อทอดไรน้ำมัน beauti house,PRODUCT_REVIEW,5,,TRUE,08 พ.ค. 2020,05 มิ.ย. 2020
874190364,100052861,1.00071E+11,เครื่องทอดไฟฟ้า ไร้น้ำมันอเนกประสงค์ หม้อทอดไฟฟ้าไร้น้ำมันเพื่อสุขภาพ ขนาด ใหญ่มาก/รุ่นใหม่! หม้อทอดไร้น้ำมันความจุมาก เครื่องทอดไร้มัน เครื่องทอดอัจฉริยะ ไม่ต้องใช้น้ำมัน ไม่เกิดควัน ทอดเฟรนช์ฟราย หม้อทอดไฟฟ้า หม้อทอดไรน้ำมัน beauti house,PRODUCT_REVIEW,5,,TRUE,08 พ.ค. 2020,05 มิ.ย. 2020
874190364,100052861,1.00071E+11,เครื่องทอดไฟฟ้า ไร้น้ำมันอเนกประสงค์ หม้อทอดไฟฟ้าไร้น้ำมันเพื่อสุขภาพ ขนาด ใหญ่มาก/รุ่นใหม่! หม้อทอดไร้น้ำมันความจุมาก เครื่องทอดไร้มัน เครื่องทอดอัจฉริยะ ไม่ต้องใช้น้ำมัน ไม่เกิดควัน ทอดเฟรนช์ฟราย หม้อทอดไฟฟ้า หม้อทอดไรน้ำมัน beauti house,PRODUCT_REVIEW,5,,FALSE,08 พ.ค. 2020,02 มิ.ย. 2020
874190364,100052861,1.00071E+11,เครื่องทอดไฟฟ้า ไร้น้ำมันอเนกประสงค์ หม้อทอดไฟฟ้าไร้น้ำมันเพื่อสุขภาพ ขนาด ใหญ่มาก/รุ่นใหม่! หม้อทอดไร้น้ำมันความจุมาก เครื่องทอดไร้มัน เครื่องทอดอัจฉริยะ ไม่ต้องใช้น้ำมัน ไม่เกิดควัน ทอดเฟรนช์ฟราย หม้อทอดไฟฟ้า หม้อทอดไรน้ำมัน beauti house,PRODUCT_REVIEW,5,,FALSE,08 พ.ค. 2020,02 มิ.ย. 2020
874190364,100052861,1.00077E+11,Ka หม้อทอดอากาศ 3.5L หม้อทอดไฟฟ้าความจุขนาดใหญ่เครื่องทอดเฟรนช์ฟรายไม่มีควันทอดบ้าน,PRODUCT_REVIEW,1,,FALSE,14 เม.ย. 2020,27 พ.ค. 2020
874190364,100052861,1.00071E+11,Ka หม้อทอดอากาศ 3.5L หม้อทอดไฟฟ้าความจุขนาดใหญ่เครื่องทอดเฟรนช์ฟรายไม่มีควันทอดบ้าน,PRODUCT_REVIEW,5,GOOD,FALSE,18 เม.ย. 2020,11 พ.ค. 2020
618770593,1000020914,1.00088E+11,SIAM Center 8L ใหม่หม้อทอดไฟฟ้าอัจฉริยะสำหรับใช้ในครัวเรือน หม้อทอดไฟฟ้าอเนกประสงค์แบบไร้น้ำมัน   พร้อมความจุขนาดใหญ่  เพื่อตอบสนองความต้องการของทุกคนในครอบครัวได้อย่างง่ายดาย,PRODUCT_REVIEW,5,ได้รับหม้อทอดแล้ว ดีจริง ใช้งานง่ายมากสำหรับคนที่เริ่มหัดทำอาหารแนะนำเลยราคานี้ถูกมากกกก สามารถทำปีกไก่มือเช้าได้สะดวกเลย แค่กดตั้งเวลาแล้วรอ ใช้เวลาในการทำไม่นาน ทำความสะอาดง่ายมากแนะนำๆๆๆๆ,FALSE,14 พ.ค. 2020,23 พ.ค. 2020
964236183,1.0018E+11,1.0006E+11,พร้อมส่ง OTTO หม้อทอดไร้น้ำมัน ขนาด2.8ลิตร รุ่น CO-725,PRODUCT_REVIEW,5,ได้รับของแล้วค่ะแต่ทำไมทอดแล้วเหม็นกลิ่นพสาติกกลิ่นยาในอาหาร กินไม่ได้เลยค่ะ ต้องทำอย่างไรค่ะ,FALSE,03 พ.ค. 2020,27 พ.ค. 2020
967298104,1000042590,1.00079E+11,MIDEA หม้อทอดไร้น้ำมัน MF-CN20A (2.2L)  ไร้น้ำมันความจุขนาดใหญ่ หม้อทอดไร้มัน ถูกและดี หม้ออบลมร้อนไร้น้ํามัน,PRODUCT_REVIEW,5,,FALSE,08 พ.ค. 2020,16 พ.ค. 2020
1066206307,1000493973,10466521,หม้อทอดไร้น้ำมัน SMARTHOME รุ่น MV-004 ขนาด 2.0 ลิตร พร้อมส่ง (คละสี ขาว/ดำ) ประหยัดไฟ ประหยัดพื้นที่ ไม่มีควัน เหมาะสำหรับคอนโดและครอบครัวขนาดเล็ก,PRODUCT_REVIEW,5,,FALSE,08 มิ.ย. 2020,20 มิ.ย. 2020
1066206307,1000493973,9363587,หม้อทอดไร้น้ำมัน SMARTHOME รุ่น MV-004 ขนาด 2.0 ลิตร พร้อมส่ง ประหยัดไฟ ประหยัดพื้นที่ ไม่มีควัน เหมาะสำหรับคอนโดและครอบครัวขนาดเล็ก,PRODUCT_REVIEW,5,,FALSE,31 พ.ค. 2020,04 มิ.ย. 2020
932818317,1.00179E+11,1.00052E+11,หม้อทอดไร้น้ำมัน 3.5 ลิตร ยี่ห้อ SMARTHOME รุ่น MV-021  เลข มอก. 1641-2552  กำลังไฟฟ้า 1300W แรงดันไฟฟ้า 220V ความถี่ไฟฟ้า 50Hz  ความจุ 3.5 ลิตร,PRODUCT_REVIEW,5,,FALSE,30 เม.ย. 2020,12 พ.ค. 2020
1080536652,1.00182E+11,1.00087E+11,เครื่องทอดไฟฟ้า หม้อทอดไฟฟ้าไร้น้ำมัน หม้อทอดไร้น้ำมันอเนกประสงค์ หม้อทอดไฟฟ้าไร้น้ำมันเพื่อสุขภาพ หม้อทอดไก่ หม้อทอดลมร้อน Air Flyers ความจุ 5ลิตร 1350วัตต์,PRODUCT_REVIEW,5,ใช้งานดีมากค่ะคุ้มๆๆๆมากๆๆๆ ราคาถูกคุณภาพดี บริการก้อดีเยี่ยมค่าา สินค้าสวยมากๆๆส่วนตัวผมชอบนะแนะนำเลยคับสินค้าชิ้นนี้,FALSE,27 พ.ค. 2020,11 มิ.ย. 2020
1080536652,1.00182E+11,1.00088E+11,เครื่องทอดไฟฟ้า หม้อทอดไฟฟ้าไร้น้ำมัน หม้อทอดไร้น้ำมันอเนกประสงค์ หม้อทอดไฟฟ้าไร้น้ำมันเพื่อสุขภาพ หม้อทอดไก่ หม้อทอดลมร้อน Air Flyers ความจุ 5ลิตร 1350วัตต์,PRODUCT_REVIEW,5,ใช้ดีมาก ส่งไว แอดมินแนะนำดีมาก ตอบไวด้วย แนะนำเลยยย ราคาถูกกว่าคุ้มมากกกก แนะนำร้านนี้ แน่นอนส่งไว,FALSE,01 มิ.ย. 2020,13 มิ.ย. 2020
528906448,1000309892,1.00023E+11,"Air Fryer Accessories 8 Inch for 5.8 qt XL Air Fryer, 9 pieces for Gowise Phillips and Cozyna Air Fryer, Fit 4.2 qt to 5.8 qt,",PRODUCT_REVIEW,5,"เราก็นึกว่าได้หม้อด้วย
ได้แต่อุปกรตามรูปรอบๆเอง55",FALSE,29 พ.ค. 2020,08 มิ.ย. 2020
528906448,1000309892,14402459,"Air Fryer Accessories 8 Inch for 5.8 qt XL Air Fryer, 9 pieces for Gowise Phillips and Cozyna Air Fryer, Fit 4.2 qt to 5.8 qt,",PRODUCT_REVIEW,1,"เสียเปรียบลาซาด้าทุกกรนีเรื่องเงินระวังก่อนสั่งซื้อคิดให้ดีนะจ๊ะจะบอกให้
",TRUE,24 ก.พ. 2020,21 เม.ย. 2020
528906448,1000309892,1813731,"Air Fryer Accessories 8 Inch for 5.8 qt XL Air Fryer, 9 pieces for Gowise Phillips and Cozyna Air Fryer, Fit 4.2 qt to 5.8 qt,",PRODUCT_REVIEW,3,นึกว่าหม้อ เฮ้อ,TRUE,17 ก.พ. 2020,05 มี.ค. 2020
528906448,1000309892,1.00012E+11,"Air Fryer Accessories 8 Inch for 5.8 qt XL Air Fryer, 9 pieces for Gowise Phillips and Cozyna Air Fryer, Fit 4.2 qt to 5.8 qt,",PRODUCT_REVIEW,5,,FALSE,14 เม.ย. 2020,11 พ.ค. 2020
397628270,1000152571,1.00011E+11,หม้อทอดไฟฟ้าไร้น้ำมันของเสียวหมี่ หม้อทอดไร้น้ำมัน Xiaomi Onemoon Air Fryer Household Intelligent,PRODUCT_REVIEW,4,คู่มือ ภาษาจีน ไว้ลองใช้งานดูก่อน ถ้าดีจะมาเพิ่มดาวให้,TRUE,01 พ.ค. 2020,07 พ.ค. 2020
397628270,1000152571,1189134,หม้อทอดไฟฟ้าไร้น้ำมันของเสียวหมี่ หม้อทอดไร้น้ำมัน Xiaomi Onemoon Air Fryer Household Intelligent,PRODUCT_REVIEW,5,ส่งไว ใช้ดี ขนาดกะทั,FALSE,23 ก.พ. 2020,27 ก.พ. 2020
397628270,1000152571,1.0002E+11,หม้อทอดไฟฟ้าไร้น้ำมันของเสียวหมี่ หม้อทอด Xiaomi Mijia Onemoon Air Fryer Household Intelligent,PRODUCT_REVIEW,5,ถูกใจร้านนี้มากค่ะ เพิ่งเคยเห็นร้านที่ห่อบับเบิ้ลรอบนอกกล่อง มีระบบรับประกันสินค้ามาตรฐานลงทะเบียนง่ายมากๆ แชทถามเกือบเที่ยงคืนก็ตอบแบบดีมาก สั่งวันเดียวถึง (รีวิวให้โดยไม่ได้รู้จักกันเป็นการส่วนตัว),FALSE,19 ก.ย. 2019,21 ก.ย. 2019
397628270,1000152571,4951342,หม้อทอดไฟฟ้าไร้น้ำมันของเสียวหมี่ หม้อทอดไร้น้ำมัน Xiaomi Onemoon Air Fryer Household Intelligent,PRODUCT_REVIEW,5,ดีค่ะ ใช้ง่ายมากๆ,FALSE,09 ก.พ. 2020,20 ก.พ. 2020
397628270,1000152571,4484564,หม้อทอดไฟฟ้าไร้น้ำมันของเสียวหมี่ หม้อทอดไร้น้ำมัน Xiaomi Onemoon Air Fryer Household Intelligent,PRODUCT_REVIEW,5,,FALSE,01 พ.ค. 2020,06 พ.ค. 2020
397628270,1000152571,1.00028E+11,หม้อทอดไฟฟ้าไร้น้ำมันของเสียวหมี่ หม้อทอดไร้น้ำมัน Xiaomi Onemoon Air Fryer Household Intelligent,PRODUCT_REVIEW,5,,TRUE,28 ก.พ. 2020,02 มี.ค. 2020
397628270,1000152571,1.00017E+11,หม้อทอดไฟฟ้าไร้น้ำมันของเสียวหมี่ หม้อทอดไร้น้ำมัน Xiaomi Onemoon Air Fryer Household Intelligent,PRODUCT_REVIEW,5,,FALSE,01 ก.พ. 2020,01 มี.ค. 2020
397628270,1000152571,1.00017E+11,หม้อทอดไฟฟ้าไร้น้ำมันของเสียวหมี่ หม้อทอดไร้น้ำมัน Xiaomi Onemoon Air Fryer Household Intelligent,PRODUCT_REVIEW,5,,FALSE,01 ก.พ. 2020,01 มี.ค. 2020
397628270,1000152571,14530623,หม้อทอดไฟฟ้าไร้น้ำมันของเสียวหมี่ หม้อทอดไร้น้ำมัน Xiaomi Onemoon Air Fryer Household Intelligent,PRODUCT_REVIEW,5,,FALSE,03 ก.พ. 2020,11 ก.พ. 2020
397628270,1000152571,639125,หม้อทอดไฟฟ้าไร้น้ำมันของเสียวหมี่ หม้อทอดไร้น้ำมัน Xiaomi Onemoon Air Fryer Household Intelligent,PRODUCT_REVIEW,5,,FALSE,03 ก.พ. 2020,08 ก.พ. 2020
397628270,1000152571,1.00034E+11,หม้อทอดไฟฟ้าไร้น้ำมันของเสียวหมี่ หม้อทอดไร้น้ำมัน Xiaomi Onemoon Air Fryer Household Intelligent,PRODUCT_REVIEW,5,,TRUE,25 ก.ย. 2019,10 ต.ค. 2019
397628270,1000152571,66515,หม้อทอดไฟฟ้าไร้น้ำมันของเสียวหมี่ หม้อทอดไร้น้ำมัน Xiaomi Onemoon Air Fryer Household Intelligent,PRODUCT_REVIEW,5,,TRUE,28 ก.ย. 2019,03 ต.ค. 2019
397628270,1000152571,1.00047E+11,หม้อทอดไฟฟ้าไร้น้ำมันของเสียวหมี่ หม้อทอดไร้น้ำมัน Xiaomi Onemoon Air Fryer Household Intelligent,PRODUCT_REVIEW,5,,TRUE,25 ก.ย. 2019,28 ก.ย. 2019
397628270,1000152571,15786937,หม้อทอดไฟฟ้าไร้น้ำมันของเสียวหมี่ หม้อทอด Xiaomi Mijia Onemoon Air Fryer Household Intelligent,PRODUCT_REVIEW,5,,TRUE,17 ก.ย. 2019,25 ก.ย. 2019
577352395,1000393204,10377372,เครื่องทอดไฟฟ้า หม้อทอดไฟฟ้าไร้น้ำมัน หม้อทอดไร้น้ำมันอเนกประสงค์ หม้อทอดไฟฟ้าไร้น้ำมันเพื่อสุขภาพ หม้อทอดไก่ เตาทอดไฟฟ้า หม้อทอดลมร้อน Air Flyers ความจุขนาด3.6 ลิตร,PRODUCT_REVIEW,5,สั่งซื้อวันที่ 1 พค. ได้รับสินค้าเมื่อ 6 พค. แกะออกมาดูแล้ว แต่ยังไม่ได้ลองใช้งาน ร้านแพ็คกล่องมาเป็น 2 ชั้น สินค้าเรียบร้อยไม่บุบสลาย หม้อทอดมีขนาดใหญ่ประมาณลูกบาส (ใหญ่กว่าที่คิดไว้ ลองดูรูปเทียบกับขวดเบียร์) เป็นปลั๊กแบบขากลมบ้านเราเสียบใช้ได้เลย มีคู่มือภาษาอังกฤษและวิธีทำอาหารภาษาอังกฤษให้มาอย่างละอัน วัสดุสวยงาม ความทนทานตามราคา หม้อทอดข้างในขนาดใหญ่พอจะใส่ไก่ตัวเล็กๆอบได้ทั้งตัว เวลาจะแกะหม้อทอดกับถาดรองน้ำมันออกจากกันต้องกดปุ่มที่ด้ามจับด้วยถึงจะแกะออกมาได้ โดยรวมแล้วสินค้าคุณภาพสมราคา,FALSE,01 พ.ค. 2020,06 พ.ค. 2020
577352395,1000393204,12750581,เครื่องทอดไฟฟ้า หม้อทอดไฟฟ้าไร้น้ำมัน หม้อทอดไร้น้ำมันอเนกประสงค์ หม้อทอดไฟฟ้าไร้น้ำมันเพื่อสุขภาพ หม้อทอดไก่ เตาทอดไฟฟ้า หม้อทอดลมร้อน Air Flyers ความจุขนาด3.6 ลิตร,PRODUCT_REVIEW,5,เครื่องใหญ่ดีค่ะ เหมาะสำหรับครอบครัว,FALSE,06 พ.ค. 2020,19 พ.ค. 2020
577352395,1000393204,1.00035E+11,เครื่องทอดไฟฟ้า หม้อทอดไฟฟ้าไร้น้ำมัน หม้อทอดไร้น้ำมันอเนกประสงค์ หม้อทอดไฟฟ้าไร้น้ำมันเพื่อสุขภาพ หม้อทอดไก่ เตาทอดไฟฟ้า หม้อทอดลมร้อน Air Flyers ความจุขนาด3.6 ลิตร,PRODUCT_REVIEW,5,,FALSE,13 ก.พ. 2020,14 มี.ค. 2020
920640772,1000300580,1.00017E+11,HAIER หม้อทอดไร้น้ำมัน HAF-K25B2 (2.5 ลิตร),PRODUCT_REVIEW,5,"ยังไม่ได้แกะกล่องทดลองใช้เลยครับ
ทดลองการใช้งานแล้ว 2 ครั้ง ดีครับใช้วานง่ายสะดวกดี ผู้สูงอายุก็ใช้ได้ครับ
",FALSE,24 เม.ย. 2020,06 พ.ค. 2020
628822655,1000009218,2207575,หม้อทอดไฟฟ้าไร้น้ำมันเพื่อสุขภาพOil-free electric fryer ขนาด 2.4ลิตร รุ่น MV-020 SMARTHOME NEW มีเก็บเงินปลายทาง ประกัน3ปี,PRODUCT_REVIEW,5,ส่งไว้มากค่ะ คุณภาพดี ใช้งานได้ดีมาก,FALSE,08 ม.ค. 2020,12 ม.ค. 2020
628822655,1000009218,1.0001E+11,หม้อทอดไฟฟ้าไร้น้ำมันเพื่อสุขภาพOil-free electric fryer ขนาด 2.4ลิตร รุ่น MV-020 SMARTHOME NEW มีเก็บเงินปลายทาง ประกัน3ปี,PRODUCT_REVIEW,5,คุณภาพคุ้มราคามากค่ะ แต่เหมาะกับอาหารทอด อย่างเดียวค่ะ,FALSE,23 มิ.ย. 2020,06 ก.ค. 2020
628822655,1000009218,12286418,หม้อทอดไฟฟ้าไร้น้ำมันเพื่อสุขภาพOil-free electric fryer ขนาด 2.4ลิตร รุ่น MV-020 SMARTHOME NEW มีเก็บเงินปลายทาง ประกัน3ปี,PRODUCT_REVIEW,5,สินค้าตรงตามภาพ ถูกใจ ,FALSE,03 ม.ค. 2020,07 ม.ค. 2020
628822655,1000009218,1.00016E+11,หม้อทอดไฟฟ้าไร้น้ำมันเพื่อสุขภาพOil-free electric fryer ขนาด 2.4ลิตร รุ่น MV-020 SMARTHOME NEW มีเก็บเงินปลายทาง ประกัน3ปี,PRODUCT_REVIEW,5,,FALSE,27 มิ.ย. 2020,01 ก.ค. 2020
628822655,1000009218,10826203,หม้อทอดไฟฟ้าไร้น้ำมันเพื่อสุขภาพOil-free electric fryer ขนาด 2.4ลิตร รุ่น MV-020 SMARTHOME NEW มีเก็บเงินปลายทาง ประกัน3ปี,PRODUCT_REVIEW,5,,FALSE,27 พ.ค. 2020,30 มิ.ย. 2020
1255790562,1.00183E+11,1.00087E+11,BIGBOSSหม้อทอด เครื่องทอดไร้มัน หม้อทอดไฟฟ้าไร้น้ำมันเพื่อสุขภาพ ขนาด หม้อทอด Air Fryer เครื่องทอดไฟฟ้า สร้างความร้อนได้รวดเร็ว ความจุ: 5.5 ลิตร,PRODUCT_REVIEW,5,ได้รับสินค้าตรงตามรูป จัดส่งของเร็วมากค่ะ ห่อของมาดี ไม่มีรอยขีดข่วนเลยคะ ไม่บุบ  ทอดของได้เยอะมาก  เครื่องร้อนไว คุ้มราคามากค่ะ,FALSE,13 ก.ค. 2020,4 สัปดาห์ก่อน
1255790562,1.00183E+11,1.00087E+11,BIGBOSSหม้อทอด เครื่องทอดไร้มัน หม้อทอดไฟฟ้าไร้น้ำมันเพื่อสุขภาพ ขนาด หม้อทอด Air Fryer เครื่องทอดไฟฟ้า สร้างความร้อนได้รวดเร็ว ความจุ: 5.5 ลิตร,PRODUCT_REVIEW,5,ได้รับสินค้าแล้ว ทางร้านบริการดีมากๆๆค่ะ จัดส่งของไวมาก ชอบร้านชอบนี้ คุณภาพสินค้าดีมาก เครื่องร้อนเร็วมาก จุของทอดได้เยอะ  คุ้มราคาดีคะ ,FALSE,13 ก.ค. 2020,4 สัปดาห์ก่อน
965818806,1.00182E+11,1.00093E+11,MONDIALair fryer รุ่นใหม่! หม้อทอดไร้น้ำมันความจุมาก เครื่องทอดไร้มัน เครื่องทอดอัจฉริยะ ไม่ต้องใช้น้ำมัน ไม่เกิดควัน ทอดเฟรนช์ฟราย หม้อทอดไฟฟ้า หม้อทอดไรน้ำมัน,PRODUCT_REVIEW,5,สั่งหม้อทอดมา 2 ใบ ทดลองใบนี้ก่อน ทางร้านแพ็คสินค้ามาดี สินค้าไม่แตกหัก อุปกรณ์ครบมีปลั๊กแปลงไฟมาให้ด้วยค่ะ ลองใช้ดู ใช้ดีค่ะ อาหารสุกเร็ว ไร้น้ำมันจริงๆค่ะ,FALSE,18 มิ.ย. 2020,06 ก.ค. 2020
965818806,1.00182E+11,1.00086E+11,MONDIALair fryer รุ่นใหม่! หม้อทอดไร้น้ำมันความจุมาก เครื่องทอดไร้มัน เครื่องทอดอัจฉริยะ ไม่ต้องใช้น้ำมัน ไม่เกิดควัน ทอดเฟรนช์ฟราย หม้อทอดไฟฟ้า หม้อทอดไรน้ำมัน,PRODUCT_REVIEW,5,"ส่งเร็ว แพ็คดี สินค้าไม่แตกหัก อุปกรณ์ครบมีปลั๊กแปลงไฟมาให้ มีเมนูอาหารแถมให้แต่เป็นภาษาจีน ถูกใจมากค่ะ
",FALSE,27 พ.ค. 2020,02 มิ.ย. 2020
564362360,1000323971,3781527,CASIO G.SHOCK นาฬิกาข้อมือผู้ชาย รุ่น GA-100-1A1DR Ga-100B-4Adr GA-100B,PRODUCT_REVIEW,5,สวยถูกใจ ของจัดส่งไวมากค่ะ มาก่อนกำหนดที่แจ้งไว้ค่ะ,FALSE,06 เม.ย. 2020,08 เม.ย. 2020
564362360,1000323971,1.0004E+11,CASIO G.SHOCK นาฬิกาข้อมือผู้ชาย รุ่น GA-100-1A1DR Ga-100B-4Adr GA-100B,PRODUCT_REVIEW,5,ตอนแรกคิดว่าของก๊อป แท้100%คับเหมือนกันมาก,FALSE,29 ธ.ค. 2019,04 ม.ค. 2020
564362360,1000323971,1.0002E+11,CASIO G.SHOCK นาฬิกาข้อมือผู้ชาย รุ่น GA-100-1A1DR Ga-100B-4Adr GA-100B,PRODUCT_REVIEW,5,สวยงามครับเสียดายอย่างเดียวกล่องหมด😭😭😭😭,FALSE,12 เม.ย. 2020,14 เม.ย. 2020
564362360,1000323971,1.00059E+11,CASIO G.SHOCK นาฬิกาข้อมือผู้ชาย รุ่น GA-100-1A1DR Ga-100B-4Adr GA-100B,PRODUCT_REVIEW,5,สวยมากค่ะคุณภาพดีราคาไม่แพงแนะนำร้านนี้เลยค่ะ,FALSE,27 ธ.ค. 2019,29 ธ.ค. 2019
564362360,1000323971,1.00059E+11,CASIO G.SHOCK นาฬิกาข้อมือผู้ชาย รุ่น GA-100-1A1DR Ga-100B-4Adr GA-100B,PRODUCT_REVIEW,5,พอใจมาก สินค้าได้ตามที่คาดหวัง,FALSE,27 ธ.ค. 2019,29 ธ.ค. 2019
564362360,1000323971,1.00059E+11,CASIO G.SHOCK นาฬิกาข้อมือผู้ชาย รุ่น GA-100-1A1DR Ga-100B-4Adr GA-100B,PRODUCT_REVIEW,5,คุณภาพของสินค้าดีค่ะ มีการห่อของกันกระเเทกดีมากค่ะ,FALSE,27 ธ.ค. 2019,28 ธ.ค. 2019
564362360,1000323971,1.00058E+11,CASIO G.SHOCK นาฬิกาข้อมือผู้ชาย รุ่น GA-100-1A1DR Ga-100B-4Adr GA-100B,PRODUCT_REVIEW,5,จัดส่งสินค้าเร็ว ใส่แล้วสวยดี,FALSE,26 ธ.ค. 2019,28 ธ.ค. 2019
564362360,1000323971,1562113,CASIO G.SHOCK นาฬิกาข้อมือผู้ชาย รุ่น GA-100-1A1DR Ga-100B-4Adr GA-100B,PRODUCT_REVIEW,5,ของแท้100%  ส่งเร็ว,FALSE,09 ธ.ค. 2019,13 ธ.ค. 2019
564362360,1000323971,1.00041E+11,CASIO G.SHOCK นาฬิกาข้อมือผู้ชาย รุ่น GA-100-1A1DR Ga-100B-4Adr GA-100B,PRODUCT_REVIEW,5,ไม่มีความแตกต่างของสี。good！,TRUE,16 พ.ย. 2019,19 พ.ย. 2019
564362360,1000323971,4796412,หม้อทอด เครื่องทอดไร้มัน เครื่องทอดอัจฉริยะ หม้อทอดไร้น้ำมัน หม้อทอดไฟฟ้า หม้อทอดลมร้อน หม้อทอดไฟฟ้าอัจฉริยะอเนกประสงค์ความจุขนาดใหญ่ พลังงานสูง 1350 วัตต์ การหมุนเวียนอากาศร้อนความเร็วสูงแบบ 360 ° ความจุ: 5L,PRODUCT_REVIEW,5,ใช้ดีค่ะ ,FALSE,13 มิ.ย. 2020,22 มิ.ย. 2020
564362360,1000323971,1.00059E+11,CASIO G.SHOCK นาฬิกาข้อมือผู้ชาย รุ่น GA-100-1A1DR Ga-100B-4Adr GA-100B,PRODUCT_REVIEW,5,สินค้าดี มีคุณภาพ  ส่งไว  ใช้งานได้ดี,FALSE,27 ธ.ค. 2019,29 ธ.ค. 2019
564362360,1000323971,1.00059E+11,CASIO G.SHOCK นาฬิกาข้อมือผู้ชาย รุ่น GA-100-1A1DR Ga-100B-4Adr GA-100B,PRODUCT_REVIEW,5,สินค้าสวยมากเลยค่ะ ส่งเร็วด้วย ชอบมากค่ะ,FALSE,27 ธ.ค. 2019,28 ธ.ค. 2019
564362360,1000323971,1.00088E+11,หม้อทอด เครื่องทอดไร้มัน เครื่องทอดอัจฉริยะ หม้อทอดไร้น้ำมัน หม้อทอดไฟฟ้า หม้อทอดลมร้อน หม้อทอดไฟฟ้าอัจฉริยะอเนกประสงค์ความจุขนาดใหญ่ พลังงานสูง 1350 วัตต์ การหมุนเวียนอากาศร้อนความเร็วสูงแบบ 360 ° ความจุ: 4.5L,PRODUCT_REVIEW,5,ภาพโดยรวมก็ดีเหมาะสมกับราคา,FALSE,29 พ.ค. 2020,02 มิ.ย. 2020
564362360,1000323971,1.00059E+11,CASIO G.SHOCK นาฬิกาข้อมือผู้ชาย รุ่น GA-100-1A1DR Ga-100B-4Adr GA-100B,PRODUCT_REVIEW,5,สินค้าตัวนี้ดีมากครับและราคาไม่แพงมากครับกันน้ำได้ดีครับ,FALSE,27 ธ.ค. 2019,28 ธ.ค. 2019
564362360,1000323971,1.00058E+11,CASIO G.SHOCK นาฬิกาข้อมือผู้ชาย รุ่น GA-100-1A1DR Ga-100B-4Adr GA-100B,PRODUCT_REVIEW,5,สวยมากค่ะไม่มีตำหนิเลยของถึงเร็วกว่าที่คิด,FALSE,26 ธ.ค. 2019,28 ธ.ค. 2019
564362360,1000323971,1.00039E+11,CASIO G.SHOCK นาฬิกาข้อมือผู้ชาย รุ่น GA-100-1A1DR Ga-100B-4Adr GA-100B,PRODUCT_REVIEW,5,"สีแดงด้านไม่ใช่สีแดงสดแต่ก้โอเครแต่ส่งช้าไปหน่อย
ถ้าตั้งเวลามาให้จะดีมากครับ",FALSE,04 ธ.ค. 2019,17 ธ.ค. 2019
564362360,1000323971,1.00058E+11,CASIO G.SHOCK นาฬิกาข้อมือผู้ชาย รุ่น GA-100-1A1DR Ga-100B-4Adr GA-100B,PRODUCT_REVIEW,5,ดีมากครับ ,FALSE,27 ธ.ค. 2019,28 ธ.ค. 2019
564362360,1000323971,1.00088E+11,หม้อทอด เครื่องทอดไร้มัน เครื่องทอดอัจฉริยะ หม้อทอดไร้น้ำมัน หม้อทอดไฟฟ้า หม้อทอดลมร้อน หม้อทอดไฟฟ้าอัจฉริยะอเนกประสงค์ความจุขนาดใหญ่ พลังงานสูง 1350 วัตต์ การหมุนเวียนอากาศร้อนความเร็วสูงแบบ 360 ° ความจุ: 4.5L,PRODUCT_REVIEW,5,,FALSE,29 พ.ค. 2020,03 มิ.ย. 2020
564362360,1000323971,1.00088E+11,หม้อทอด เครื่องทอดไร้มัน เครื่องทอดอัจฉริยะ หม้อทอดไร้น้ำมัน หม้อทอดไฟฟ้า หม้อทอดลมร้อน หม้อทอดไฟฟ้าอัจฉริยะอเนกประสงค์ความจุขนาดใหญ่ พลังงานสูง 1350 วัตต์ การหมุนเวียนอากาศร้อนความเร็วสูงแบบ 360 ° ความจุ: 4.5L,PRODUCT_REVIEW,5,,FALSE,29 พ.ค. 2020,02 มิ.ย. 2020
564362360,1000323971,1.00088E+11,หม้อทอด เครื่องทอดไร้มัน เครื่องทอดอัจฉริยะ หม้อทอดไร้น้ำมัน หม้อทอดไฟฟ้า หม้อทอดลมร้อน หม้อทอดไฟฟ้าอัจฉริยะอเนกประสงค์ความจุขนาดใหญ่ พลังงานสูง 1350 วัตต์ การหมุนเวียนอากาศร้อนความเร็วสูงแบบ 360 ° ความจุ: 4.5L,PRODUCT_REVIEW,5,,FALSE,29 พ.ค. 2020,02 มิ.ย. 2020
564362360,1000323971,1.00058E+11,CASIO G.SHOCK นาฬิกาข้อมือผู้ชาย รุ่น GA-100-1A1DR Ga-100B-4Adr GA-100B,PRODUCT_REVIEW,5,,FALSE,22 ม.ค. 2020,26 ม.ค. 2020
564362360,1000323971,1.00058E+11,CASIO G.SHOCK นาฬิกาข้อมือผู้ชาย รุ่น GA-100-1A1DR Ga-100B-4Adr GA-100B,PRODUCT_REVIEW,5,,FALSE,22 ม.ค. 2020,25 ม.ค. 2020
564362360,1000323971,1.00033E+11,CASIO G.SHOCK นาฬิกาข้อมือผู้ชาย รุ่น GA-100-1A1DR Ga-100B-4Adr GA-100B,PRODUCT_REVIEW,5,,FALSE,02 ม.ค. 2020,06 ม.ค. 2020
564362360,1000323971,1.00017E+11,CASIO G.SHOCK นาฬิกาข้อมือผู้ชาย รุ่น GA-100-1A1DR Ga-100B-4Adr GA-100B,PRODUCT_REVIEW,5,,FALSE,28 พ.ย. 2019,02 ธ.ค. 2019
1191548278,1.00184E+11,1.00088E+11,ใหม่ทอดอากาศครัวเรือนอย่างเต็มที่อัตโนมัติพลังงานสูงปราศจากน้ำมันหม้อทอดไฟฟ้ามัลติฟังก์ชั่มันฝรั่งชิปเครื่อง 4.5L,PRODUCT_REVIEW,5,ได้รับสินค้าแล้ว สินค้าสวยสีก็สวย เหมาะกับการใช้ที่บ้านมาก ไม่ต้องใช้น้ำมันทอดเลย ทอดอร่อยมาก ทำความสะอาดง่าย คุ้มค่าคุ้มราคาแนะนำให้ใช้เลยค่ะชอบมาก,FALSE,29 มิ.ย. 2020,02 ก.ค. 2020
1191548278,1.00184E+11,1.00088E+11,ใหม่ทอดอากาศครัวเรือนอย่างเต็มที่อัตโนมัติพลังงานสูงปราศจากน้ำมันหม้อทอดไฟฟ้ามัลติฟังก์ชั่มันฝรั่งชิปเครื่อง 4.5L,PRODUCT_REVIEW,5,ใช้วานได้ดีคับ ให้5 ดาวเลยคับ,FALSE,23 มิ.ย. 2020,28 มิ.ย. 2020
1191548278,1.00184E+11,1.00095E+11,ใหม่ทอดอากาศครัวเรือนอย่างเต็มที่อัตโนมัติพลังงานสูงปราศจากน้ำมันหม้อทอดไฟฟ้ามัลติฟังก์ชั่มันฝรั่งชิปเครื่อง 4.5L,PRODUCT_REVIEW,5,,FALSE,03 ก.ค. 2020,2 สัปดาห์ก่อน
1191548278,1.00184E+11,1.00091E+11,ใหม่ทอดอากาศครัวเรือนอย่างเต็มที่อัตโนมัติพลังงานสูงปราศจากน้ำมันหม้อทอดไฟฟ้ามัลติฟังก์ชั่มันฝรั่งชิปเครื่อง 4.5L,PRODUCT_REVIEW,5,,FALSE,24 มิ.ย. 2020,28 มิ.ย. 2020
1007986271,1000024804,1.00015E+11,Smarthome หม้อทอดไร้น้ำมัน 3.5 ลิตร รุ่น MV-022 รับประกัน 3 ปี,PRODUCT_REVIEW,4,"ขอหัก 1 ดาว สินค้าไม่ตรงปก แต่ขนส่งดีไม่มีเสียหาย ที่ได้มาสวยคุณภาพดี ชอบค่ะ
ขอหัก 1 ดาว สินค้าไม่ตรงปก แต่ขนส่งดีไม่มีเสียหาย ที่ได้มาสวยคุณภาพดี ชอบค่ะ👍🏼👍🏼👍🏼",FALSE,29 พ.ค. 2020,02 มิ.ย. 2020
1007986271,1000024804,1722414,Smarthome หม้อทอดไร้น้ำมัน 3.5 ลิตร รุ่น MV-022 รับประกัน 3 ปี,PRODUCT_REVIEW,5,,FALSE,13 พ.ค. 2020,10 มิ.ย. 2020
1007986271,1000024804,2671098,Smarthome หม้อทอดไร้น้ำมัน 3.5 ลิตร รุ่น MV-022 รับประกัน 3 ปี,PRODUCT_REVIEW,3,,FALSE,30 พ.ค. 2020,02 มิ.ย. 2020
1007986271,1000024804,4188994,Smarthome หม้อทอดไร้น้ำมัน 3.5 ลิตร รุ่น MV-022 รับประกัน 3 ปี,PRODUCT_REVIEW,5,,FALSE,28 พ.ค. 2020,01 มิ.ย. 2020
1007986271,1000024804,713588,Smarthome หม้อทอดไร้น้ำมัน 3.5 ลิตร รุ่น MV-022 รับประกัน 3 ปี,PRODUCT_REVIEW,5,,FALSE,13 พ.ค. 2020,19 พ.ค. 2020
1269226839,1.00184E+11,1.00094E+11,หม้อทอดไร้น้ํามัน เครื่องทอด air fryer เครื่องทอดอัตโนมัติ เตาอบอัจฉริยะ หม้อทอดไร้น้ํามันดีต่อสุขภาพ กุ้งเผา ซี่โครงหมู ขนาด 2.3ลิตร ถูกมาก,PRODUCT_REVIEW,5,ได้ของถูกใจมากจัดส่งเร็วค่ะ ตัวสินค้าไม่เป็นรอยไม่เสียหายค่ะ แม่ค้าตอบไว บริการดีมากตอบทุกปัญหา คือดีอะ,FALSE,06 ก.ค. 2020,08 ก.ค. 2020
1269226839,1.00184E+11,1.00093E+11,หม้อทอดไร้น้ํามัน เครื่องทอด air fryer เครื่องทอดอัตโนมัติ เตาอบอัจฉริยะ หม้อทอดไร้น้ํามันดีต่อสุขภาพ กุ้งเผา ซี่โครงหมู ขนาด 2.3ลิตร ถูกมาก,PRODUCT_REVIEW,5,ได้รับสินค้าแล้วใช้ดีมากทำอาหารง่ายล้างง่าย น้องสาวชอบมากๆๆ,FALSE,08 ก.ค. 2020,4 สัปดาห์ก่อน
972138869,1.00181E+11,3629257,Smarthome หม้อทอดไร้น้ำมันดิจิตอล ขนาด 3.5ลิตร MV-021 หม้ออบลมร้อน หม้อทอดไร้น้ำมัน ทอดไร้น้ำมัน หม้อทอดไซส์ใหญ่ หม้อรีดน้ำมัน หม้ออบลมร้อนขนาดใหญ่ หม้ออบลมร้อนไซส์ใหญ่,PRODUCT_REVIEW,5,,FALSE,16 พ.ค. 2020,24 พ.ค. 2020
1000220946,1.00179E+11,1.00088E+11,Uhome หม้อทอดไฟฟ้า Air Fryers หม้อทอดไร้น้ำมัน ใช้ในบ้าน สินค้าใหม่ อัจฉริยะ ไม่ใช้น้ำมัน อเนกประสงค์ ไม่ติดกระทะ อบ ปุ่มหมุน 1350W 4L,PRODUCT_REVIEW,5,"Fast logistics, large products, suitable for multi-person consumption",FALSE,15 พ.ค. 2020,22 พ.ค. 2020
1000220946,1.00179E+11,1.00089E+11,Uhome หม้อทอดไฟฟ้า Air Fryers หม้อทอดไร้น้ำมัน ใช้ในบ้าน สินค้าใหม่ อัจฉริยะ ไม่ใช้น้ำมัน อเนกประสงค์ ไม่ติดกระทะ อบ ปุ่มหมุน 1350W 4L,PRODUCT_REVIEW,5,,FALSE,20 พ.ค. 2020,30 พ.ค. 2020
1000220946,1.00179E+11,1.00088E+11,Uhome หม้อทอดไฟฟ้า Air Fryers หม้อทอดไร้น้ำมัน ใช้ในบ้าน สินค้าใหม่ อัจฉริยะ ไม่ใช้น้ำมัน อเนกประสงค์ ไม่ติดกระทะ อบ ปุ่มหมุน 1350W 4L,PRODUCT_REVIEW,5,"Empty	",FALSE,16 พ.ค. 2020,22 พ.ค. 2020
1000220946,1.00179E+11,1.00088E+11,Uhome หม้อทอดไฟฟ้า Air Fryers หม้อทอดไร้น้ำมัน ใช้ในบ้าน สินค้าใหม่ อัจฉริยะ ไม่ใช้น้ำมัน อเนกประสงค์ ไม่ติดกระทะ อบ ปุ่มหมุน 1350W 4L,PRODUCT_REVIEW,5,Empty,FALSE,16 พ.ค. 2020,22 พ.ค. 2020
1000220946,1.00179E+11,1.00089E+11,Uhome หม้อทอดไฟฟ้า Air Fryers หม้อทอดไร้น้ำมัน ใช้ในบ้าน สินค้าใหม่ อัจฉริยะ ไม่ใช้น้ำมัน อเนกประสงค์ ไม่ติดกระทะ อบ ปุ่มหมุน 1350W 4L,PRODUCT_REVIEW,5,,FALSE,22 พ.ค. 2020,30 พ.ค. 2020
1000220946,1.00179E+11,1.00088E+11,Uhome หม้อทอดไฟฟ้า Air Fryers หม้อทอดไร้น้ำมัน ใช้ในบ้าน สินค้าใหม่ อัจฉริยะ ไม่ใช้น้ำมัน อเนกประสงค์ ไม่ติดกระทะ อบ ปุ่มหมุน 1350W 4L,PRODUCT_REVIEW,5,,FALSE,18 พ.ค. 2020,28 พ.ค. 2020
1000220946,1.00179E+11,1.00088E+11,Uhome หม้อทอดไฟฟ้า Air Fryers หม้อทอดไร้น้ำมัน ใช้ในบ้าน สินค้าใหม่ อัจฉริยะ ไม่ใช้น้ำมัน อเนกประสงค์ ไม่ติดกระทะ อบ ปุ่มหมุน 1350W 4L,PRODUCT_REVIEW,5,,FALSE,18 พ.ค. 2020,28 พ.ค. 2020
1000220946,1.00179E+11,1.00088E+11,Uhome หม้อทอดไฟฟ้า Air Fryers หม้อทอดไร้น้ำมัน ใช้ในบ้าน สินค้าใหม่ อัจฉริยะ ไม่ใช้น้ำมัน อเนกประสงค์ ไม่ติดกระทะ อบ ปุ่มหมุน 1350W 4L,PRODUCT_REVIEW,5,,FALSE,15 พ.ค. 2020,25 พ.ค. 2020
1000220946,1.00179E+11,1.00088E+11,Uhome หม้อทอดไฟฟ้า Air Fryers หม้อทอดไร้น้ำมัน ใช้ในบ้าน สินค้าใหม่ อัจฉริยะ ไม่ใช้น้ำมัน อเนกประสงค์ ไม่ติดกระทะ อบ ปุ่มหมุน 1350W 4L,PRODUCT_REVIEW,5,,FALSE,15 พ.ค. 2020,21 พ.ค. 2020
703578690,1000540434,6250475,SMARTHOMEหม้อทอดไฟฟ้าหม้อทอดไร้น้ำมัน ใช้ในบ้าน ความจุสูง อเนกประสงค์ ไม่ใช้น้ำมัน ดีต่อสุขภาพ อัตโนมัติหน้าจอสัมผัสผลประโยชน์ขี้เกียจแฟชั่นเดี่ยวความงามของการอยู่คนเดียว1350W 4.5L,PRODUCT_REVIEW,5,,FALSE,15 เม.ย. 2020,22 เม.ย. 2020
487964921,1000210508,1.00072E+11,6-piece 7-inch air fryer accessories Universally available for Philips Gowise Cozyna Popular kitchen appliances for all 3.7QT - 5.3QT - 5.8QT models Handsel Cookbook,PRODUCT_REVIEW,5,,TRUE,12 พ.ค. 2020,22 พ.ค. 2020
487964921,1000210508,1.00028E+11,6-piece 7-inch air fryer accessories Universally available for Philips Gowise Cozyna Popular kitchen appliances for all 3.7QT - 5.3QT - 5.8QT models Handsel Cookbook,PRODUCT_REVIEW,5,,FALSE,03 มี.ค. 2020,19 มี.ค. 2020
1061952795,1.00183E+11,1.00006E+11,หม้อทอดไร้น้ำมัน Smarthome Air Fryer รุ่น MV-004 ขนาด 2 ลิตร รับประกัน 3 ปี,PRODUCT_REVIEW,5,ส่งเร็วดีค่ะ  สินค้า  สภาพดี,FALSE,30 พ.ค. 2020,05 มิ.ย. 2020
1061952795,1.00183E+11,1.00012E+11,หม้อทอดไร้น้ำมัน Smarthome Air Fryer รุ่น MV-004 ขนาด 2 ลิตร รับประกัน 3 ปี,PRODUCT_REVIEW,5,ของตรงตามที่สั่ง จัดส่งเร็ว ของอยู่ในสภาพดีไม่เสียหาย 👍👍👍👍👍,FALSE,22 พ.ค. 2020,27 พ.ค. 2020
1061952795,1.00183E+11,1.00052E+11,หม้อทอดไร้น้ำมัน Smarthome Air Fryer รุ่น MV-004 ขนาด 2 ลิตร รับประกัน 3 ปี,PRODUCT_REVIEW,5,"หม้อทอด ด้านซ้ายขวา ไม่เท่ากัน 
คุณภาพ ไม่ค่อยโอเค เท่าไหร่ ค่ะ
",FALSE,28 มิ.ย. 2020,09 ก.ค. 2020
1061952795,1.00183E+11,1.00007E+11,หม้อทอดไร้น้ำมัน Smarthome Air Fryer รุ่น MV-004 ขนาด 2 ลิตร รับประกัน 3 ปี,PRODUCT_REVIEW,5,,FALSE,05 มิ.ย. 2020,16 มิ.ย. 2020
421290236,1000277985,1.00002E+11,หม้อทอดไฟฟ้า เตาทอดไฟฟ้า แบบ 2 หม้อ ขนาด 6+6 ลิตร หม้อทอดเพื่อการพาณิชย์ Deep fryer หม้อทอด เตาทอด,PRODUCT_REVIEW,5,ใช้แปบเด่วก็พังเเล้ว,TRUE,06 พ.ย. 2019,21 พ.ย. 2019
1348958426,1000442867,1.00096E+11,หม้อทอดไฟฟ้าไร้น้ำมัน หม้อทอดไฟฟ้า ระบบอัตโนมัติอัจฉริยะ มัลติฟังก์ชั่น สามารถทอดได้โดยไร้น้ำมัน หม้อทอดสำหรับภายในบ้าน หม้อทอดไฟฟ้าขนาดใหญ่ Air Flyers,PRODUCT_REVIEW,5,เครื่องใหญ่ใช้ดีง่ายด้วยทอดได้สะดวกทุกเวลาเลยไร้ควันไร้กลิ่นไม่ต้องใช้น้ำมันด้วยง่ายสุดๆไปเลย,FALSE,30 ก.ค. 2020,2 สัปดาห์ก่อน
994410773,1000479073,584678,SMARTHOMEหม้อทอดไร้น้ำมันเพื่อสุขภาพ /Air Fryer ความจุ 3.5 ลิตร รุ่น MV-022 NEW สินค้าเกรดเอ รับประกัน 3 ปี,PRODUCT_REVIEW,5,ส่งเร็วทันใจ แม่ค้าน่ารัก เด่วลองใช้ดูก่อนนะคะ^^,TRUE,01 มิ.ย. 2020,03 มิ.ย. 2020
665604316,1000377057,1409768,หม้อทอดไร้น้ำมัน Tefal รุ่น EY201866 -1500 วัตต์ -1.2 kg- สีดำ,PRODUCT_REVIEW,5,,FALSE,04 พ.ค. 2020,09 พ.ค. 2020
995966785,1.0018E+11,1.0001E+11,"⚡พร้อมส่งด่วนที่สุด⚡ Smarthome หม้อทอดไร้น้ำมัน Air Fryer 3.5ลิตร 1,300watt รุ่น mv-022 (ตัวใหม่ 2020)",PRODUCT_REVIEW,5,ใช้ดีจริงๆค่ะ หลงรักเลย เจ้าอวบอ้วน,FALSE,14 พ.ค. 2020,05 มิ.ย. 2020
995966785,1.0018E+11,10247922,"⚡พร้อมส่งด่วนที่สุด⚡ Smarthome หม้อทอดไร้น้ำมัน Air Fryer 3.5ลิตร 1,300watt รุ่น mv-022 (ตัวใหม่ 2020)",PRODUCT_REVIEW,5,"ใช้ดีคุ้มราคาครับ
",FALSE,22 พ.ค. 2020,26 พ.ค. 2020
995966785,1.0018E+11,240477,"ใหญ่ ๆ จุก ๆ ⚡พร้อมส่งด่วนที่สุด⚡ Smarthome หม้อทอดไร้น้ำมัน Air Fryer 3.5ลิตร 1,300watt รุ่น mv-022 (ตัวใหม่ 2020)",PRODUCT_REVIEW,5,,FALSE,25 มิ.ย. 2020,01 ก.ค. 2020
995966785,1.0018E+11,15558752,"⚡พร้อมส่งด่วนที่สุด⚡ Smarthome หม้อทอดไร้น้ำมัน Air Fryer 3.5ลิตร 1,300watt รุ่น mv-022 (ตัวใหม่ 2020)",PRODUCT_REVIEW,5,,FALSE,17 พ.ค. 2020,22 พ.ค. 2020
1006332064,1000136146,4467749,หม้อทอดไร้น้ำมัน Air Fryer Smarthome  (ประกัน 3 ปี ) หม้อทอดไฟฟ้าไร้น้ำมันเพื่อสุขภาพ 5.2 ลิตร,PRODUCT_REVIEW,3,ไม่ตรงปกอย่างแรง​ สั่ง​5.2 ลิตร​ ได้​ 3.6 ลิตร​ ไม่มีคำว่า​ smart home สักนิด​ หน้าตาเหมือนในรูปแต่ก็เซ็งที่ตั้งใจซื้อ​ขนาดใหญ่​ แต่ได้เท่านี้​ รู้งี้ซื้อแบรนด์อื่นดีกว่า​ ส่งไวนะสภาพดี​ แต่เล็กกว่าที่คาด​ ,FALSE,26 พ.ค. 2020,29 พ.ค. 2020
523282202,100138219,1683169,หม้อทอดไร้น้ำมัน SMARTHOME  MV-014,PRODUCT_REVIEW,5,"รูปลักษณ์ดีมากเลย ไม่เล็กไม่ใหญ่เกินไป ทำอาหาร2-3 ได้สบายเลยนะ อุปกรณ์ครบ ส่งเร็ว วัสดุดีดูทนทาน กระทะเคลือบอย่างดี ชอบกระทะรองมากดูล้างง่ายด้วย 
ตอนอบเสียงเบาไปอีก เหลือแค่รอประเมินความทนและเรียนรู้การใช้อุณหภูมิกับเวลาที่เหมาะสมแต่ละชนิดอาหาร ",FALSE,20 มี.ค. 2020,23 มี.ค. 2020
523282202,100138219,12476584,หม้อทอดไร้น้ำมัน SMARTHOME  MV-014,PRODUCT_REVIEW,5,,FALSE,17 ก.พ. 2020,20 ก.พ. 2020
281924436,1000060462,5161031,หม้อทอดไร้น้ำมัน หม้อทอด OTTO  รุ่น CO-725 (ความจุ 2.8 ลิตร) รับประกัน 1 ปี หม้อทอดไฟฟ้า หม้อทอดเฟรนฟราย,PRODUCT_REVIEW,5,,TRUE,01 พ.ค. 2020,09 พ.ค. 2020
677464799,1000041352,13567045,เตาทอดไฟฟ้า หม้อทอด หม้อทอดไร้น้ำมัน Xiaomi Liren Air Fryer รุ่น : KZ-J5000A สีขาว (จุถึง 5L)1100W / กระจายแสงอินฟาเรดได้ทั่วถึง ไร้ควัน ไม่ติดหม้อ แถมฟรี! ที่คีบ+ปลั๊ก,PRODUCT_REVIEW,5,,FALSE,18 เม.ย. 2020,05 พ.ค. 2020
677464799,1000041352,518171,เตาทอดไฟฟ้า หม้อทอด หม้อทอดไร้น้ำมัน Xiaomi Liren Air Fryer รุ่น : KZ-J5000A สีขาว (จุถึง 5L)1100W / กระจายแสงอินฟาเรดได้ทั่วถึง ไร้ควัน ไม่ติดหม้อ แถมฟรี! ที่คีบ+ปลั๊ก,PRODUCT_REVIEW,5,,FALSE,05 มี.ค. 2020,18 มี.ค. 2020
119421895,100023629,3185675,"SUMMER MAGIC OVEN PLUS DIGITAL TOUCH SCREEN ซัมเมอร์
หม้อทอดไร้น้ำมัน ดิจิตอล สีดำ รีดไขมันส่วนเกินออกจากอาหาร
สามารถทำอาหารได้หลากหลายเมนู ไซน์ที่สวยหรู หน้าจอระบบสัมผัส หรูหรา
ทันสมัย ตัวเครื่องสีดำ ขนาด 2.5 ลิตร",PRODUCT_REVIEW,5,,TRUE,13 ธ.ค. 2017,15 พ.ย. 2019
938086079,1000375716,1002884,หม้อทอดไร้น้ำมัน Haier รุ่น HAF-K25B ความจุ 2.5 ลิตร หม้อทอดไฟฟ้า (พร้อมส่ง),PRODUCT_REVIEW,5,ยอดเยี่ยมค่ะ,FALSE,05 พ.ค. 2020,12 พ.ค. 2020
870088501,1000537402,1.0002E+11,Air Fryer เครื่องทอดไฟฟ้า 5.5 ลิตร กำลังไฟ 1500 w หม้อทอดไฟฟ้าไร้น้ำมัน หม้อทอดไร้น้ำมันอเนกประสงค์ หม้อทอดไฟฟ้าไร้น้ำมันเพื่อสุขภาพ หม้อทอดไก่ เตาทอดไฟฟ้า หม้อทอดลมร้อน  ความจุขนาด,PRODUCT_REVIEW,5,หม้อทอดอากาศนี้ดีมากฉันรู้สึกว่าฉันสามารถใช้ได้โดยไม่ต้องใช้เตาอบ! สะดวกมากในการทำสิ่งของทอดแฮมเบอร์เกอร์ไก่ข้าวโพดคั่วปลาหมึกแหวนพิซซ่าคุณสามารถทำเองที่บ้านได้โดยไม่ต้องทอด,FALSE,15 พ.ค. 2020,22 พ.ค. 2020
870088501,1000537402,3211856,Air Fryer เครื่องทอดไฟฟ้า 5.5 ลิตร กำลังไฟ 1500 w หม้อทอดไฟฟ้าไร้น้ำมัน หม้อทอดไร้น้ำมันอเนกประสงค์ หม้อทอดไฟฟ้าไร้น้ำมันเพื่อสุขภาพ หม้อทอดไก่ เตาทอดไฟฟ้า หม้อทอดลมร้อน  ความจุขนาด,PRODUCT_REVIEW,5,ส่งไว ใช้ดี ใช้งานง่ายสะดวก,FALSE,21 พ.ค. 2020,12 มิ.ย. 2020
870088501,1000537402,966159,Air Fryer เครื่องทอดไฟฟ้า 5.5 ลิตร กำลังไฟ 1500 w หม้อทอดไฟฟ้าไร้น้ำมัน หม้อทอดไร้น้ำมันอเนกประสงค์ หม้อทอดไฟฟ้าไร้น้ำมันเพื่อสุขภาพ หม้อทอดไก่ เตาทอดไฟฟ้า หม้อทอดลมร้อน  ความจุขนาด,PRODUCT_REVIEW,5,,FALSE,22 เม.ย. 2020,27 เม.ย. 2020
677464800,1000041352,1.00036E+11,เตาทอดไฟฟ้า หม้อทอด หม้อทอดไร้น้ำมัน Homu (โฮมุ) สีดำ (5.5 L) Airfryer /1500w ควบคุมการทำงานด้วยดิจิตอล คุณสามารถทำอาหารได้ หลากหลายเมนูไม่ว่าจะเป็น ทอด อบ ย่าง หรือเบเกอร์รี่ ใช้งานง่าย สะดวก รวดเร็ว สุขภาพดี ไขมันต่ำ รับประกัน1 ปี แถมฟรี มีดพับ,PRODUCT_REVIEW,5,,FALSE,22 ก.ค. 2020,1 สัปดาห์ก่อน
1353846148,1.00183E+11,1.00092E+11,"หม้อทอด เครื่องทอดไร้มัน หม้อทอดไร้น้ำมัน หม้อทอดลมร้อน เครื่องทอดอัจฉริยะ ความร้อนอย่างรวดเร็ว, ความร้อนทั้งหมด, ความต้านทานการกัดกร่อน, ชีวิตที่ยาวนาน การหมุนเวียนอากาศร้อนความเร็วสูงแบบ 360 ° พลังงานสูง 1800 วัตต์ ความจุ: 12L",PRODUCT_REVIEW,5,เครื่องสวย ใหญ่ดีค่ะ ทำออกมาแล้วโอเคร แม่ค้าให้คำแนะนำดีค่ะ ใครมองหาหม้อทอดไร้น้ำมันแนะนำรุ่นนี้นะคะ,FALSE,29 ก.ค. 2020,1 สัปดาห์ก่อน
1109378502,1.00183E+11,1.00088E+11,หม้อทอดไร้น้ำมัน หม้อทอดไฟฟ้า เครื่องทอดไร้น้ำมัน ทอดอากาศ มัลติฟังก์ชั่น ไร้น้ำมันเพื่อสุขภาพ ขนาดความจุ8ลิตร Air Fryier,PRODUCT_REVIEW,5,ได้รับหม้อเรียบร้อยแล้วส่งไวค่ะในกล่องแถมปลั๊กมาด้วยพร้อมใช้งานได้เลย อ้วนกลมทรงสวยโอเครค่ะ แต่ต้องด๊ระยะยาว,FALSE,15 ก.ค. 2020,3 สัปดาห์ก่อน
1022904347,1000493973,838830,หม้อทอดไร้น้ำมัน OTTO รุ่น CO-725 สีดำ  ขนาด 3.0 พร้อมส่ง,PRODUCT_REVIEW,5,โอเคเลยค่ะ เมนูแรกคือเฟรนฟราย ไม่รู้ว่าต้องทอดกี่นาทีถึงจะกรอบ แต่กินได้เลยค่ะ ,TRUE,23 พ.ค. 2020,01 มิ.ย. 2020
1022904347,1000493973,1.0001E+11,หม้อทอดไร้น้ำมัน OTTO รุ่น CO-725 สีดำ  ขนาด 3.0 พร้อมส่ง,PRODUCT_REVIEW,5,ได้รับของแล้วครับ  ส่งไวครับ..,TRUE,17 มิ.ย. 2020,20 มิ.ย. 2020
1022904347,1000493973,1.00015E+11,หม้อทอดไร้น้ำมัน OTTO รุ่น CO-725 สีดำ  ขนาด 3.0 พร้อมส่ง,PRODUCT_REVIEW,4,เยี่ยมเลยครับ,FALSE,24 พ.ค. 2020,06 มิ.ย. 2020
1022904347,1000493973,10282352,หม้อทอดไร้น้ำมัน OTTO รุ่น CO-725 สีดำ  ขนาด 3.0 พร้อมส่ง,PRODUCT_REVIEW,5,,FALSE,22 มิ.ย. 2020,09 ก.ค. 2020
1022904347,1000493973,1.00028E+11,หม้อทอดไร้น้ำมัน OTTO รุ่น CO-725 สีดำ  ขนาด 3.0,PRODUCT_REVIEW,5,,FALSE,17 พ.ค. 2020,18 มิ.ย. 2020
1022904347,1000493973,1.00085E+11,หม้อทอดไร้น้ำมัน OTTO รุ่น CO-725 สีดำ  ขนาด 3.0 พร้อมส่ง,PRODUCT_REVIEW,5,,FALSE,12 มิ.ย. 2020,17 มิ.ย. 2020
1022904347,1000493973,1.00053E+11,หม้อทอดไร้น้ำมัน OTTO รุ่น CO-725 สีดำ  ขนาด 3.0 พร้อมส่ง,PRODUCT_REVIEW,5,,TRUE,22 พ.ค. 2020,04 มิ.ย. 2020
1022904347,1000493973,1.0004E+11,หม้อทอดไร้น้ำมัน OTTO รุ่น CO-725 สีดำ  ขนาด 3.0,PRODUCT_REVIEW,1,,FALSE,17 พ.ค. 2020,25 พ.ค. 2020
1022904347,1000493973,1.00019E+11,หม้อทอดไร้น้ำมัน OTTO รุ่น CO-725 สีดำ  ขนาด 3.0,PRODUCT_REVIEW,5,,TRUE,15 พ.ค. 2020,23 พ.ค. 2020
1022904347,1000493973,10448173,หม้อทอดไร้น้ำมัน OTTO รุ่น CO-725 สีดำ  ขนาด 3.0,PRODUCT_REVIEW,5,,FALSE,18 พ.ค. 2020,21 พ.ค. 2020
956808085,1000020914,1.00083E+11,Siam Center ใหม่ทอดอากาศครัวเรือนอย่างเต็มที่อัตโนมัติพลังงานสูงปราศจากน้ำมันหม้อทอดไฟฟ้ามัลติฟังก์ชั่มันฝรั่งชิปเครื่อง 2.5L,PRODUCT_REVIEW,5,เครื่องทอดไร้น้ำมันตัวนี้ดีมาก สำหรับคนที่ชอบกินพวกไก่หรือของทอดตัวนี้มีประโยชน์สุดๆ ถ้าต้องการกินไก่ทอดสามารถทำเองได้ที่บ้านมันใจได้เลยว่าอาหารที่เรากินจะไร้น้ำมันจริงๆ การทอดผ่านหม้อตัวนี้ทำให้สีสันออกมาดูสวยงาม แถมใช้งานง่ายแนะนำเลยสำหรับคนที่กำลังมองหาหม้อทอดไร้น้ำมันอยู่,FALSE,25 พ.ค. 2020,03 มิ.ย. 2020
956808085,1000020914,120990,Siam Center ใหม่ทอดอากาศครัวเรือนอย่างเต็มที่อัตโนมัติพลังงานสูงปราศจากน้ำมันหม้อทอดไฟฟ้ามัลติฟังก์ชั่มันฝรั่งชิปเครื่อง 2.5L,PRODUCT_REVIEW,5,ใช้ ok ดีครับ,FALSE,04 พ.ค. 2020,12 พ.ค. 2020
1017714915,1000399774,760541,หม้อทอดไร้น้ำมัน เครื่องทอดไร้น้ำมัน หม้ออบลมร้อน หม้อทอดไฟฟ้า หม้อทอดไฟฟ้าไร้น้ำมันเพื่อสุขภาพ รุ่น MV022 สีดำ ขนาด 3.5 ลิตร NT Supersale,PRODUCT_REVIEW,5,,FALSE,27 พ.ค. 2020,22 มิ.ย. 2020
1348858348,1000232451,1.00094E+11,Eagle One หม้อทอดไฟฟ้าไร้น้ำมัน สามารถทอดได้โดยไร้น้ำมัน หม้อทอดไฟฟ้า หม้อทอดสำหรับภายในบ้าน หม้อทอดไฟฟ้าขนาดใหญ่ ระบบอัตโนมัติอัจฉริยะ มัลติฟังก์ชั่น Air Flyers,PRODUCT_REVIEW,5,ได้รับสินค้าแล้ว ทางร้านบริการดีมากค่ะ จัดส่งสินค้าก็เร็วมากค่ะ ชอบมากค่ะร้านนีเ คุณภาพสินค้าดีมากค่ะ เครื่องร้อนเร็วมากค่ะ ประหยัดเวลาทอดไปเยอะมากค่ะ สมกับราคาเลยจ้า.,FALSE,30 ก.ค. 2020,1 สัปดาห์ก่อน
631592396,1000443074,1.00068E+11,Hello Sunny เครื่องทอดไฟฟ้า หม้อทอดไฟฟ้าไร้น้ำมัน หม้อทอดไร้น้ำมันอเนกประสงค์ หม้อทอดไฟฟ้าไร้น้ำมันเพื่อสุขภาพ หม้อทอดไก่ เตาทอดไฟฟ้า หม้อทอดลมร้อน ความจุขนาด 4.5 ลิตร กำลังไฟ 1400 wNo fryer,PRODUCT_REVIEW,5,"ตัวหม้อแข็งแรงดีมากค่ะหม้อขนาดใหญ่มากทอดได้เยอะดีชอบมากค่ะเหมาะสำหรับครอบครัวใหญ่แบบเราถูกใจมากค่ะ
",FALSE,27 ก.พ. 2020,07 มี.ค. 2020
631592396,1000443074,1.00086E+11,Hello Sunny เครื่องทอดไฟฟ้า หม้อทอดไฟฟ้าไร้น้ำมัน หม้อทอดไร้น้ำมันอเนกประสงค์ หม้อทอดไฟฟ้าไร้น้ำมันเพื่อสุขภาพ หม้อทอดไก่ เตาทอดไฟฟ้า หม้อทอดลมร้อน ความจุขนาด 4.5 ลิตร กำลังไฟ 1400 wNo fryer,PRODUCT_REVIEW,5,,FALSE,01 พ.ค. 2020,17 มิ.ย. 2020
631592396,1000443074,1.00086E+11,Hello Sunny เครื่องทอดไฟฟ้า หม้อทอดไฟฟ้าไร้น้ำมัน หม้อทอดไร้น้ำมันอเนกประสงค์ หม้อทอดไฟฟ้าไร้น้ำมันเพื่อสุขภาพ หม้อทอดไก่ เตาทอดไฟฟ้า หม้อทอดลมร้อน ความจุขนาด 4.5 ลิตร กำลังไฟ 1400 wNo fryer,PRODUCT_REVIEW,5,,FALSE,01 พ.ค. 2020,17 มิ.ย. 2020
631592396,1000443074,1.00086E+11,Hello Sunny เครื่องทอดไฟฟ้า หม้อทอดไฟฟ้าไร้น้ำมัน หม้อทอดไร้น้ำมันอเนกประสงค์ หม้อทอดไฟฟ้าไร้น้ำมันเพื่อสุขภาพ หม้อทอดไก่ เตาทอดไฟฟ้า หม้อทอดลมร้อน ความจุขนาด 4.5 ลิตร กำลังไฟ 1400 wNo fryer,PRODUCT_REVIEW,5,,TRUE,02 พ.ค. 2020,16 มิ.ย. 2020
631592396,1000443074,1.00086E+11,Hello Sunny เครื่องทอดไฟฟ้า หม้อทอดไฟฟ้าไร้น้ำมัน หม้อทอดไร้น้ำมันอเนกประสงค์ หม้อทอดไฟฟ้าไร้น้ำมันเพื่อสุขภาพ หม้อทอดไก่ เตาทอดไฟฟ้า หม้อทอดลมร้อน ความจุขนาด 4.5 ลิตร กำลังไฟ 1400 wNo fryer,PRODUCT_REVIEW,5,,FALSE,02 พ.ค. 2020,16 มิ.ย. 2020
631592396,1000443074,1.00084E+11,Hello Sunny เครื่องทอดไฟฟ้า หม้อทอดไฟฟ้าไร้น้ำมัน หม้อทอดไร้น้ำมันอเนกประสงค์ หม้อทอดไฟฟ้าไร้น้ำมันเพื่อสุขภาพ หม้อทอดไก่ เตาทอดไฟฟ้า หม้อทอดลมร้อน ความจุขนาด 4.5 ลิตร กำลังไฟ 1400 wNo fryer,PRODUCT_REVIEW,5,,FALSE,23 เม.ย. 2020,24 พ.ค. 2020
631592396,1000443074,1.00085E+11,Hello Sunny เครื่องทอดไฟฟ้า หม้อทอดไฟฟ้าไร้น้ำมัน หม้อทอดไร้น้ำมันอเนกประสงค์ หม้อทอดไฟฟ้าไร้น้ำมันเพื่อสุขภาพ หม้อทอดไก่ เตาทอดไฟฟ้า หม้อทอดลมร้อน ความจุขนาด 4.5 ลิตร กำลังไฟ 1400 wNo fryer,PRODUCT_REVIEW,5,,FALSE,28 เม.ย. 2020,24 พ.ค. 2020
631592396,1000443074,1.00085E+11,Hello Sunny เครื่องทอดไฟฟ้า หม้อทอดไฟฟ้าไร้น้ำมัน หม้อทอดไร้น้ำมันอเนกประสงค์ หม้อทอดไฟฟ้าไร้น้ำมันเพื่อสุขภาพ หม้อทอดไก่ เตาทอดไฟฟ้า หม้อทอดลมร้อน ความจุขนาด 4.5 ลิตร กำลังไฟ 1400 wNo fryer,PRODUCT_REVIEW,5,,FALSE,29 เม.ย. 2020,24 พ.ค. 2020
631592396,1000443074,1.00085E+11,Hello Sunny เครื่องทอดไฟฟ้า หม้อทอดไฟฟ้าไร้น้ำมัน หม้อทอดไร้น้ำมันอเนกประสงค์ หม้อทอดไฟฟ้าไร้น้ำมันเพื่อสุขภาพ หม้อทอดไก่ เตาทอดไฟฟ้า หม้อทอดลมร้อน ความจุขนาด 4.5 ลิตร กำลังไฟ 1400 wNo fryer,PRODUCT_REVIEW,5,,FALSE,30 เม.ย. 2020,24 พ.ค. 2020
631592396,1000443074,1.00085E+11,Hello Sunny เครื่องทอดไฟฟ้า หม้อทอดไฟฟ้าไร้น้ำมัน หม้อทอดไร้น้ำมันอเนกประสงค์ หม้อทอดไฟฟ้าไร้น้ำมันเพื่อสุขภาพ หม้อทอดไก่ เตาทอดไฟฟ้า หม้อทอดลมร้อน ความจุขนาด 4.5 ลิตร กำลังไฟ 1400 wNo fryer,PRODUCT_REVIEW,5,,FALSE,30 เม.ย. 2020,24 พ.ค. 2020
631592396,1000443074,1.0008E+11,Hello Sunny เครื่องทอดไฟฟ้า หม้อทอดไฟฟ้าไร้น้ำมัน หม้อทอดไร้น้ำมันอเนกประสงค์ หม้อทอดไฟฟ้าไร้น้ำมันเพื่อสุขภาพ หม้อทอดไก่ เตาทอดไฟฟ้า หม้อทอดลมร้อน ความจุขนาด 4.5 ลิตร กำลังไฟ 1400 wNo fryer,PRODUCT_REVIEW,5,,FALSE,14 เม.ย. 2020,10 พ.ค. 2020
631592396,1000443074,1.00012E+11,Hello Sunny เครื่องทอดไฟฟ้า หม้อทอดไฟฟ้าไร้น้ำมัน หม้อทอดไร้น้ำมันอเนกประสงค์ หม้อทอดไฟฟ้าไร้น้ำมันเพื่อสุขภาพ หม้อทอดไก่ เตาทอดไฟฟ้า หม้อทอดลมร้อน ความจุขนาด 4.5 ลิตร กำลังไฟ 1400 wNo fryer,PRODUCT_REVIEW,5,,TRUE,06 เม.ย. 2020,24 เม.ย. 2020
631592396,1000443074,1.00075E+11,Hello Sunny เครื่องทอดไฟฟ้า หม้อทอดไฟฟ้าไร้น้ำมัน หม้อทอดไร้น้ำมันอเนกประสงค์ หม้อทอดไฟฟ้าไร้น้ำมันเพื่อสุขภาพ หม้อทอดไก่ เตาทอดไฟฟ้า หม้อทอดลมร้อน ความจุขนาด 4.5 ลิตร กำลังไฟ 1400 wNo fryer,PRODUCT_REVIEW,5,,FALSE,28 มี.ค. 2020,17 เม.ย. 2020
1017580009,1.00182E+11,1.00051E+11,Smart Home หม้อทอดไร้น้ำมัน MV022,PRODUCT_REVIEW,5,,TRUE,21 มิ.ย. 2020,30 มิ.ย. 2020
700058216,1000540434,1.00097E+11,หม้อทอด หม้อทอดไฟฟ้า หม้อทอดไร้มัน ความจุขนาด 4L พลังงานสูง 1350W อเนกประสงค์ รุ่นใหม่ อัจฉริยะ มัลติฟังก์ชั่น ไม่ติดกระทะ อบ  ปุ่มหมุน,PRODUCT_REVIEW,5,รูปลักษณ์ที่สวยงามมากรูปแบบที่สวยงามใช้งานง่ายและใช้งานง่ายฉันแทบรอไม่ไหวที่จะนำมันกลับมาใช้อีกครั้งแม้ว่าฉันจะไม่รู้วิธีการปรุงอาหาร แต่ไก่ก็ยังมีกลิ่นหอมและไม่เลี่ยนเลย👍👍👍,FALSE,14 ก.ค. 2020,3 สัปดาห์ก่อน
480118789,1000232451,1.00058E+11,Eagle One เครื่องทอดไฟฟ้า หม้อทอดไฟฟ้า เครื่องทอดไร้น้ำมัน ไร้น้ำมันเพื่อสุขภาพ หม้อทอดไร้ควัน ขนาดหม้อทอด 3.5 ลิตร Electric Deep Fryers,PRODUCT_REVIEW,5,ทางร้านให้คำแนะนำกับสินค้าดีมากๆเลย ชอบร้านนี้มากเลย ราคาดีมาก ,FALSE,04 เม.ย. 2020,10 เม.ย. 2020
480118789,1000232451,1.0004E+11,Eagle One เครื่องทอดไฟฟ้า หม้อทอดไฟฟ้า เครื่องทอดไร้น้ำมัน ไร้น้ำมันเพื่อสุขภาพ หม้อทอดไร้ควัน ขนาดหม้อทอด 3.5 ลิตร Electric Deep Fryers,PRODUCT_REVIEW,5,สินค้าดีมากค่ะ สมราคา แพ็คเกจดีมากๆ วัสดุอุปกรณ์สวยงามค่ะ ใช้งานได้ดีจริง ข้อดีคือใช้เวลารวดเร็ว,FALSE,03 ต.ค. 2019,15 พ.ย. 2019
480118789,1000232451,1.00069E+11,Eagle One เครื่องทอดไฟฟ้า หม้อทอดไฟฟ้า เครื่องทอดไร้น้ำมัน ไร้น้ำมันเพื่อสุขภาพ หม้อทอดไร้ควัน ขนาดหม้อทอด 3.5 ลิตร Electric Deep Fryers,PRODUCT_REVIEW,5,ภาพรวมสินค้าดีมาก,FALSE,19 เม.ย. 2020,28 เม.ย. 2020
480118789,1000232451,9683904,Eagle One เครื่องทอดไฟฟ้า หม้อทอดไฟฟ้า เครื่องทอดไร้น้ำมัน ไร้น้ำมันเพื่อสุขภาพ หม้อทอดไร้ควัน ขนาดหม้อทอด 3.5 ลิตร Electric Deep Fryers,PRODUCT_REVIEW,5,ส่งเร็วดีค่ะ,FALSE,19 เม.ย. 2020,27 เม.ย. 2020
480118789,1000232451,1.00064E+11,Eagle One เครื่องทอดไฟฟ้า หม้อทอดไฟฟ้า เครื่องทอดไร้น้ำมัน ไร้น้ำมันเพื่อสุขภาพ หม้อทอดไร้ควัน ขนาดหม้อทอด 3.5 ลิตร Electric Deep Fryers,PRODUCT_REVIEW,5,,FALSE,05 พ.ค. 2020,06 มิ.ย. 2020
1060684311,1.00182E+11,11618463,Smart Homeหม้อทอดไร้น้ำมัน MV004ฺBlack,PRODUCT_REVIEW,5,พึ่งได้ของวันนี้ ส่งไวมากค่ะ,FALSE,12 มิ.ย. 2020,14 มิ.ย. 2020
898144025,100084157,79253,*พร้อมส่ง* TEFAL หม้อทอดไร้น้ำมัน รุ่น FX1000 สามารถทำได้ทั้ง ทอด อบ ปิ้ง และย่าง เทคโนโลยีอากาศร้อนหมุนเวียน ทำให้อาหารกรอบนอกนุ่มใน แม้ไม่ใช้น้ำมันในการทอด ปรับอุณหภูมิได้ตั้งแต่ 150 - 200 องศา ตั้งเวลาได้ 30 นาที/ มีใบรับประกัน,PRODUCT_REVIEW,5,,FALSE,03 พ.ค. 2020,10 พ.ค. 2020
898144025,100084157,1.0008E+11,TEFAL หม้อทอดไร้น้ำมัน รุ่น FX1000 หม้อทอดอเนกประสงค์ หม้อทอดไฟฟ้า ทำอาหารแบบได้ทั้ง ทอด อบ ปิ้ง และย่าง เทคโนโลยีอากาศร้อนหมุนเวียน ทำให้อาหารกรอบนอกนุ่มใน แม้ไม่ใช้น้ำมันในการทอด ปรับอุณหภูมิได้ตั้งแต่ 150 - 200 องศา ตั้งเวลาได้ 30 นาที/ มีใบรับประกัน,PRODUCT_REVIEW,5,ดียุนะใช่แล้วชอบ ไม่ต้องกินน้ำม้นเยอะ,TRUE,12 เม.ย. 2020,27 เม.ย. 2020
1168618354,100035751,0,หม้อทอดไร้น้ำมัน Hongxing 5L Air fryer 1400W rh952,PRODUCT_REVIEW,,ขอบคุณU sobrang nagus2han Ko ANG Air fryerที่naลองKONA Po CYA... ANG Dali Nia Lang Po gamitin kahit na Walangคู่มือภาษาอังกฤษ,FALSE,05 ก.ค. 2020,05 ก.ค. 2020
1168618354,100035751,0,หม้อทอดไร้น้ำมัน Hongxing 5L Air fryer 1400W rh952,PRODUCT_REVIEW,,ซื้อที่ดีมาก... ใหญ่พอที่จะปรุงอาหารไก่ทั้งหมด,FALSE,09 มิ.ย. 2020,09 มิ.ย. 2020
271911691,100112872,1.00005E+11,หม้อทอดไร้น้ำมัน Air Flyers หม้อทอดไร้มัน หม้อทอด หม้อทอดไฟฟ้า หม้อทอดลมร้อน ,PRODUCT_REVIEW,5,"คุณภาพในสินค้าดีสวยสมราคาทำอาหารได้หลากหลายเมนูที่สำคัญไม่ใช้น้ำมันสักหยดใครที่มองหาอยู่แนะนำเลยค่ะอาหารไม่ติดหม้อถอดล้างได้ ง่ายต่อการทำความสะอาด

",FALSE,16 ธ.ค. 2018,06 ม.ค. 2019
271911691,100112872,2524317,หม้อทอดไร้น้ำมัน Air Flyers หม้อทอดไร้มัน หม้อทอด หม้อทอดไฟฟ้า หม้อทอดลมร้อน 4 ลิตร ,PRODUCT_REVIEW,1,การขนส่งห่วยมาก กล่องบุบ สินค้าเสียหาย (มือจับแตก),FALSE,23 ม.ค. 2019,04 ก.พ. 2019
271911691,100112872,1.00005E+11,หม้อทอดไร้น้ำมัน Air Flyers หม้อทอดไร้มัน หม้อทอด หม้อทอดไฟฟ้า หม้อทอดลมร้อน ,PRODUCT_REVIEW,5,ตัดสินใจอยู่นานระหว่างหม้ออบลมร้อน กับหม้อทอดไร้น้ำมัน สรุปคือไม่ผิดหวังสินค้าแพคมาดีส่งไว ไม่มีตำหนิ คุ้มค่ะ,TRUE,16 ธ.ค. 2018,06 ม.ค. 2019
271911691,100112872,9527898,หม้อทอดไร้น้ำมัน Air Flyers หม้อทอดไร้มัน หม้อทอด หม้อทอดไฟฟ้า หม้อทอดลมร้อน 4 ลิตร ,PRODUCT_REVIEW,1,ตอนโฆษณาว่าเป็น4ลิตร แต่สินค้าที่ได้คือ2.6 ลิตร ทำไมไม่ตรงกับที่โฆษณาขาย,FALSE,22 ม.ค. 2019,23 ม.ค. 2019
271911691,100112872,1.00005E+11,หม้อทอดไร้น้ำมัน Air Flyers หม้อทอดไร้มัน หม้อทอด หม้อทอดไฟฟ้า หม้อทอดลมร้อน ,PRODUCT_REVIEW,5,ถูกใจมากค่ะเหมาะกับคนรักสุภาพเวลาปรุงอาหารไม่ต้องใช้น้ำมันเลยค่ะ ,FALSE,16 ธ.ค. 2018,19 ธ.ค. 2018
271911691,100112872,908464,หม้อทอดไร้น้ำมัน Air Flyers หม้อทอดไร้มัน หม้อทอด หม้อทอดไฟฟ้า หม้อทอดลมร้อน 4 ลิตร ,PRODUCT_REVIEW,3,ใช้ได้ไม่นาน สีภายในชิ้นล่างสุดลอกแล้ว แถมเริ่มเป็นสนิม,FALSE,15 ม.ค. 2019,13 มิ.ย. 2019
271911691,100112872,1.00022E+11,Oilless Fryer Air Flyers Potless Fryer Pot Fryer Electric Fryer Hot Air Fryer 2.6 L,PRODUCT_REVIEW,3,"It works, but use long time, I guess you get what you pay for. ",TRUE,01 มี.ค. 2019,05 เม.ย. 2019
271911691,100112872,1.00018E+11,deeshop88 หม้อทอดไร้มัน หม้อทอดไร้น้ำมัน Air Flyers หม้อทอดเพื่อสุขภาพ หม้อทอด หม้อทอดไฟฟ้า หม้อทอดลมร้อน,PRODUCT_REVIEW,5,ชอบมากทำอาหารง่ายขึ้น ,FALSE,28 ก.พ. 2019,16 มี.ค. 2019
271911691,100112872,1.00005E+11,หม้อทอดไร้น้ำมัน Air Flyers หม้อทอดไร้มัน หม้อทอด หม้อทอดไฟฟ้า หม้อทอดลมร้อน ,PRODUCT_REVIEW,5,ร้านแพคสินค้าดีจัดส่งไวหม้อใช้งานโอเครเลยค่ะตั้งแต่ใช้งานมายังไม่พบปัญหาใด ขอบคุณค่ะ,TRUE,16 ธ.ค. 2018,19 ก.พ. 2019
271911691,100112872,1.00005E+11,หม้อทอดไร้น้ำมัน Air Flyers หม้อทอดไร้มัน หม้อทอด หม้อทอดไฟฟ้า หม้อทอดลมร้อน ,PRODUCT_REVIEW,5,แพคสินค้ามาอย่างดีสินค้าใช้งานโอเครได้สินค้าตรงตามโฆษณา,TRUE,16 ธ.ค. 2018,13 ก.พ. 2019
271911691,100112872,1137300,หม้อทอดไร้น้ำมัน Air Flyers หม้อทอดไร้มัน หม้อทอด หม้อทอดไฟฟ้า หม้อทอดลมร้อน 4 ลิตร ,PRODUCT_REVIEW,5,ได้รับของแล้ว  แต่ไม่มีคู่มือการใช้งาน,FALSE,14 ม.ค. 2019,21 ม.ค. 2019
271911691,100112872,1.00012E+11,Oilless Fryer Air Flyers Potless Fryer Pot Fryer Electric Fryer Hot Air Fryer 2.6 L,PRODUCT_REVIEW,5,,FALSE,11 มี.ค. 2019,18 ก.ค. 2019
271911691,100112872,4879528,Oilless Fryer Air Flyers Potless Fryer Pot Fryer Electric Fryer Hot Air Fryer 2.6 L,PRODUCT_REVIEW,5,,FALSE,14 ม.ค. 2019,27 เม.ย. 2019
271911691,100112872,9650398,Oilless Fryer Air Flyers Potless Fryer Pot Fryer Electric Fryer Hot Air Fryer 2.6 L,PRODUCT_REVIEW,5,,FALSE,08 มี.ค. 2019,18 มี.ค. 2019
271911691,100112872,4315004,Oilless Fryer Air Flyers Potless Fryer Pot Fryer Electric Fryer Hot Air Fryer 2.6 L,PRODUCT_REVIEW,5,,TRUE,25 ก.พ. 2019,28 ก.พ. 2019
271911691,100112872,1936516,Oilless Fryer Air Flyers Potless Fryer Pot Fryer Electric Fryer Hot Air Fryer 2.6 L,PRODUCT_REVIEW,5,,FALSE,28 ม.ค. 2019,04 ก.พ. 2019
968566827,1.00181E+11,1.00004E+11,SMART HOME หม้อทอดไร้น้ำมัน Air Fryer รุ่น MV-006 ความจุ 2.4 ลิตร (คละสี) หม้อทอดไร้น้ำมัน หม้อทอดไฟฟ้า หม้อไร้น้ำมัน,PRODUCT_REVIEW,5,,FALSE,09 พ.ค. 2020,22 พ.ค. 2020
984444465,1000095551,235838,พร้อมส่ง smarthome หม้อทอดไร้น้ำมัน ขนาด 2ลิตร รุ่น mv-004 หม้อ กระทะ กะทะ เครื่องครัว เครื่องใช้ไฟฟ้า เครื่องใช้ไฟฟ้าในครัว อุปกรณ์ ทำอาหาร เตา อบ หม้ออบลมร้อน เตาแม่เหล็กไฟฟ้า  ลดความอ้วน ลดหุ่น ไม่อ้วน เพื่อสุขภาพ สายคลีน,PRODUCT_REVIEW,5,,TRUE,09 พ.ค. 2020,08 มิ.ย. 2020
660264045,100138219,13799141,หม้อทอดไร้น้ำมัน ขนาด 3.5 ลิตร Smarthome รุ่น MV-022,PRODUCT_REVIEW,5,,FALSE,16 มิ.ย. 2020,18 มิ.ย. 2020
660264045,100138219,776749,หม้อทอดไร้น้ำมัน ขนาด 3.5 ลิตร Smarthome รุ่น MV-022,PRODUCT_REVIEW,5,ชอบ,TRUE,05 พ.ค. 2020,09 พ.ค. 2020
660264045,100138219,1609271,หม้อทอดไร้น้ำมัน ขนาด 3.5 ลิตร Smarthome รุ่น MV-022,PRODUCT_REVIEW,5,,FALSE,05 พ.ค. 2020,09 พ.ค. 2020
1316478098,1.00184E+11,1.0004E+11,"มัลติฟังก์ชั่น หม้อทอด,อัจฉริยะ ใช้ในบ้าน หม้อทอด, ไก่ทอด หม้อทอด,ความจุขนาดใหญ่สุด หม้อทอดอากาศ,หม้อทอดไร้น้ำมัน,หม้อทอดไร้น้ำมัน 4.5L,หม้อทอดไร้น้ำมัน ,Air fryer，ใช้งานง่าย,เหมาะกับใช้ที่บ้าน CHIC Mension",PRODUCT_REVIEW,5,มูลค่าการซื้อ,TRUE,13 ก.ค. 2020,2 สัปดาห์ก่อน
